Male,,Female,
John,boy,Stella,girl
William,boy,Sallie,girl
James,boy,Nettie,girl
Charles,boy,Etta,girl
George,boy,Harriet,girl
Frank,boy,Sadie,girl
Joseph,boy,Katie,girl
Thomas,boy,Lydia,girl
Henry,boy,Kate,girl
Robert,boy,Mollie,girl
Edward,boy,Lulu,girl
Harry,boy,Nannie,girl
Walter,boy,Lottie,girl
Arthur,boy,Belle,girl
Fred,boy,Charlotte,girl
Albert,boy,Amelia,girl
Samuel,boy,Hannah,girl
David,boy,Jane,girl
Louis,boy,Emily,girl
Joe,boy,Matilda,girl
Charlie,boy,Henrietta,girl
Clarence,boy,Sara,girl
Richard,boy,Estella,girl
Andrew,boy,Theresa,girl
Daniel,boy,Josie,girl
Ernest,boy,Sophia,girl
Will,boy,Anne,girl
Jesse,boy,Delia,girl
Oscar,boy,Louisa,girl
Lewis,boy,Mayme,girl
Peter,boy,Estelle,girl
Benjamin,boy,Nina,girl
Frederick,boy,Bettie,girl
Willie,boy,Luella,girl
Alfred,boy,Inez,girl
Sam,boy,Lela,girl
Roy,boy,Rosie,girl
Herbert,boy,Millie,girl
Jacob,boy,Janie,girl
Tom,boy,Cornelia,girl
Elmer,boy,Victoria,girl
Carl,boy,Celia,girl
Lee,boy,Christine,girl
Howard,boy,Birdie,girl
Martin,boy,Harriett,girl
Michael,boy,Mable,girl
Bert,boy,Myra,girl
Herman,boy,Sophie,girl
Jim,boy,Tillie,girl
Francis,boy,Isabel,girl
Harvey,boy,Sylvia,girl
Earl,boy,Isabelle,girl
Eugene,boy,Leila,girl
Ralph,boy,Sally,girl
Ed,boy,Ina,girl
Claude,boy,Nell,girl
Edwin,boy,Alberta,girl
Ben,boy,Katharine,girl
Charley,boy,Rena,girl
Paul,boy,Mina,girl
Edgar,boy,Mathilda,girl
Isaac,boy,Dollie,girl
Otto,boy,Hettie,girl
Luther,boy,Fanny,girl
Lawrence,boy,Lenora,girl
Ira,boy,Adelaide,girl
Patrick,boy,Lelia,girl
Guy,boy,Nelle,girl
Oliver,boy,Sue,girl
Theodore,boy,Johanna,girl
Hugh,boy,Lilly,girl
Clyde,boy,Lucinda,girl
Alexander,boy,Minerva,girl
August,boy,Lettie,girl
Floyd,boy,Roxie,girl
Homer,boy,Helena,girl
Jack,boy,Hilda,girl
Leonard,boy,Hulda,girl
Horace,boy,Genevieve,girl
Marion,boy,Cordelia,girl
Philip,boy,Jeanette,girl
Allen,boy,Adeline,girl
Archie,boy,Leah,girl
Stephen,boy,Lura,girl
Chester,boy,Mittie,girl
Willis,boy,Isabella,girl
Raymond,boy,Olga,girl
Rufus,boy,Phoebe,girl
Warren,boy,Teresa,girl
Jessie,boy,Lida,girl
Milton,boy,Lina,girl
Alex,boy,Marguerite,girl
Leo,boy,Claudia,girl
Julius,boy,Cecelia,girl
Ray,boy,Bess,girl
Sidney,boy,Emilie,girl
Bernard,boy,Rosetta,girl
Dan,boy,Myrtie,girl
Jerry,boy,Cecilia,girl
Calvin,boy,Olivia,girl
Perry,boy,Ophelia,girl
Dave,boy,Elnora,girl
Anthony,boy,Violet,girl
Eddie,boy,Adele,girl
Amos,boy,Lily,girl
Dennis,boy,Loretta,girl
Clifford,boy,Madge,girl
Leroy,boy,Polly,girl
Wesley,boy,Eugenia,girl
Alonzo,boy,Lucile,girl
Garfield,boy,Mabelle,girl
Franklin,boy,Rosalie,girl
Emil,boy,Kittie,girl
Leon,boy,Meta,girl
Nathan,boy,Angie,girl
Harold,boy,Georgiana,girl
Matthew,boy,Lila,girl
Levi,boy,Regina,girl
Moses,boy,Selma,girl
Everett,boy,Wilhelmina,girl
Lester,boy,Bridget,girl
Winfield,boy,Lilla,girl
Adam,boy,Malinda,girl
Lloyd,boy,Vina,girl
Mack,boy,Freda,girl
Fredrick,boy,Gertie,girl
Jay,boy,Jeannette,girl
Jess,boy,Louella,girl
Melvin,boy,Mandy,girl
Noah,boy,Roberta,girl
Aaron,boy,Corinne,girl
Alvin,boy,Lyda,girl
Norman,boy,Naomi,girl
Gilbert,boy,Norma,girl
Elijah,boy,Margie,girl
Victor,boy,Nona,girl
Gus,boy,Zella,girl
Nelson,boy,Dovie,girl
Jasper,boy,Elvira,girl
Silas,boy,Erma,girl
Christopher,boy,Irma,girl
Jake,boy,Leota,girl
Mike,boy,Blanch,girl
Percy,boy,Charity,girl
Adolph,boy,Lorena,girl
Maurice,boy,Lucretia,girl
Cornelius,boy,Orpha,girl
Felix,boy,Alvina,girl
Reuben,boy,Annette,girl
Wallace,boy,Catharine,girl
Claud,boy,Elma,girl
Roscoe,boy,Geneva,girl
Sylvester,boy,Leora,girl
Earnest,boy,Lona,girl
Hiram,boy,Miriam,girl
Otis,boy,Zora,girl
Simon,boy,Octavia,girl
Willard,boy,Sudie,girl
Irvin,boy,Zula,girl
Mark,boy,Adella,girl
Jose,boy,Frieda,girl
Wilbur,boy,Joanna,girl
Abraham,boy,Leonora,girl
Virgil,boy,Priscilla,girl
Clinton,boy,Tennie,girl
Elbert,boy,Angeline,girl
Leslie,boy,Docia,girl
Marshall,boy,Ettie,girl
Owen,boy,Flossie,girl
Wiley,boy,Hanna,girl
Anton,boy,Letha,girl
Morris,boy,Minta,girl
Manuel,boy,Retta,girl
Phillip,boy,Rosella,girl
Augustus,boy,Adah,girl
Emmett,boy,Berta,girl
Eli,boy,Elisabeth,girl
Nicholas,boy,Elise,girl
Wilson,boy,Leola,girl
Alva,boy,Margret,girl
Harley,boy,Adaline,girl
Newton,boy,Idella,girl
Timothy,boy,Juanita,girl
Marvin,boy,Lenna,girl
Ross,boy,Lucie,girl
Curtis,boy,Missouri,girl
Edmund,boy,Nola,girl
Jeff,boy,Zoe,girl
Elias,boy,Eda,girl
Harrison,boy,Isabell,girl
Stanley,boy,Julie,girl
Columbus,boy,Letitia,girl
Lon,boy,Madeline,girl
Ora,boy,Malissa,girl
Ollie,boy,Mariah,girl
Russell,boy,Pattie,girl
Pearl,boy,Almeda,girl
Solomon,boy,Aurelia,girl
Arch,boy,Dolly,girl
Asa,boy,Jannie,girl
Clayton,boy,Kathrine,girl
Enoch,boy,Lavinia,girl
Irving,boy,Marietta,girl
Mathew,boy,Melvina,girl
Nathaniel,boy,Ona,girl
Scott,boy,Pinkie,girl
Hubert,boy,Susanna,girl
Lemuel,boy,Chloe,girl
Andy,boy,Elsa,girl
Ellis,boy,Matie,girl
Emanuel,boy,Pearle,girl
Joshua,boy,Vesta,girl
Millard,boy,Vinnie,girl
Vernon,boy,Antoinette,girl
Wade,boy,Clementine,girl
Cyrus,boy,Edythe,girl
Miles,boy,Harriette,girl
Rudolph,boy,Libbie,girl
Sherman,boy,Lilian,girl
Austin,boy,Lutie,girl
Bill,boy,Magdalena,girl
Chas,boy,Meda,girl
Lonnie,boy,Rita,girl
Monroe,boy,Tena,girl
Byron,boy,Zelma,girl
Edd,boy,Adelia,girl
Emery,boy,Annetta,girl
Grant,boy,Dona,girl
Jerome,boy,Elizebeth,girl
Max,boy,Georgianna,girl
Mose,boy,Gracie,girl
Steve,boy,Iona,girl
Gordon,boy,Leta,girl
Abe,boy,Liza,girl
Pete,boy,Mertie,girl
Chris,boy,Molly,girl
Clark,boy,Neva,girl
Gustave,boy,Oma,girl
Orville,boy,Alida,girl
Lorenzo,boy,Cecile,girl
Bruce,boy,Ernestine,girl
Marcus,boy,Evie,girl
Preston,boy,Helene,girl
Bob,boy,Minna,girl
Dock,boy,Myrta,girl
Donald,boy,Prudence,girl
Jackson,boy,Queen,girl
Cecil,boy,Rilla,girl
Barney,boy,Savannah,girl
Delbert,boy,Tessie,girl
Edmond,boy,Agatha,girl
Anderson,boy,America,girl
Christian,boy,Anita,girl
Glenn,boy,Arminta,girl
Jefferson,boy,Dorothea,girl
Luke,boy,Luvenia,girl
Neal,boy,Marjorie,girl
Burt,boy,Maybelle,girl
Ike,boy,Mellie,girl
Myron,boy,Nan,girl
Tony,boy,Velma,girl
Conrad,boy,Constance,girl
Joel,boy,Ila,girl
Matt,boy,Iola,girl
Riley,boy,Louvenia,girl
Vincent,boy,Lucia,girl
Emory,boy,Ludie,girl
Isaiah,boy,Luna,girl
Nick,boy,Metta,girl
Ezra,boy,Phebe,girl
Green,boy,Sophronia,girl
Juan,boy,Adda,girl
Clifton,boy,Avis,girl
Lucius,boy,Betsy,girl
Porter,boy,Cordie,girl
Arnold,boy,Emmaline,girl
Bud,boy,Ethelyn,girl
Jeremiah,boy,Hortense,girl
Taylor,boy,Marcella,girl
Forrest,boy,Melinda,girl
Roland,boy,Mona,girl
Spencer,boy,Odessa,girl
Burton,boy,Veronica,girl
Don,boy,Aimee,girl
Emmet,boy,Annabel,girl
Gustav,boy,Ava,girl
Louie,boy,Bella,girl
Morgan,boy,Carolina,girl
Ned,boy,Cathrine,girl
Van,boy,Christena,girl
Ambrose,boy,Dena,girl
Chauncey,boy,Eleanore,girl
Elisha,boy,Elmira,girl
Ferdinand,boy,Jenny,girl
General,boy,Kizzie,girl
Julian,boy,Loula,girl
Kenneth,boy,Magdalene,girl
Mitchell,boy,Mettie,girl
Allie,boy,Mintie,girl
Josh,boy,Peggy,girl
Judson,boy,Reba,girl
Lyman,boy,Serena,girl
Napoleon,boy,Vida,girl
Pedro,boy,Zada,girl
Berry,boy,Abigail,girl
Dewitt,boy,Celestine,girl
Ervin,boy,Celina,girl
Forest,boy,Daisie,girl
Lynn,boy,Dessa,girl
Pink,boy,Easter,girl
Ruben,boy,Emelia,girl
Sanford,boy,Emmie,girl
Ward,boy,Imogene,girl
Douglas,boy,India,girl
Ole,boy,Jeanne,girl
Omer,boy,Lenore,girl
Ulysses,boy,Liddie,girl
Walker,boy,Lotta,girl
Wilbert,boy,Mame,girl
Adelbert,boy,Nevada,girl
Benjiman,boy,Rachael,girl
Ivan,boy,Sina,girl
Jonas,boy,Willa,girl
Major,boy,Aline,girl
Abner,boy,Daisey,girl
Archibald,boy,Dorcas,girl
Caleb,boy,Edmonia,girl
Clint,boy,Effa,girl
Dudley,boy,Eldora,girl
Granville,boy,Eloise,girl
King,boy,Emmer,girl
Mary,boy,Era,girl
Merton,boy,Gena,girl
Antonio,boy,Iris,girl
Bennie,boy,Izora,girl
Carroll,boy,Lissie,girl
Freeman,boy,Mallie,girl
Josiah,boy,Malvina,girl
Milo,boy,Mathilde,girl
Royal,boy,Mazie,girl
Dick,boy,Queenie,girl
Earle,boy,Rosina,girl
Elza,boy,Salome,girl
Emerson,boy,Theodora,girl
Fletcher,boy,Therese,girl
Judge,boy,Vena,girl
Laurence,boy,Wanda,girl
Neil,boy,Wilda,girl
Roger,boy,Altha,girl
Seth,boy,Anastasia,girl
Glen,boy,Besse,girl
Hugo,boy,Birtie,girl
Jimmie,boy,Clarissa,girl
Johnnie,boy,Delilah,girl
Washington,boy,Diana,girl
Elwood,boy,Emelie,girl
Gust,boy,Erna,girl
Harmon,boy,Florida,girl
Jordan,boy,Frona,girl
Simeon,boy,Hilma,girl
Wayne,boy,Juliet,girl
Wilber,boy,Leonie,girl
Clem,boy,Lugenia,girl
Evan,boy,Mammie,girl
Frederic,boy,Manda,girl
Irwin,boy,Manerva,girl
Junius,boy,Manie,girl
Lafayette,boy,Nella,girl
Loren,boy,Paulina,girl
Madison,boy,Philomena,girl
Mason,boy,Selina,girl
Orval,boy,Sena,girl
Abram,boy,Theodosia,girl
Aubrey,boy,Una,girl
Elliott,boy,Adela,girl
Hans,boy,Althea,girl
Karl,boy,Amalia,girl
Minor,boy,Amber,girl
Wash,boy,Angelina,girl
Wilfred,boy,Annabelle,girl
Allan,boy,Anner,girl
Alphonse,boy,Arie,girl
Dallas,boy,Clarice,girl
Dee,boy,Corda,girl
Isiah,boy,Corrie,girl
Jason,boy,Dellar,girl
Johnny,boy,Donie,girl
Lawson,boy,Elda,girl
Lew,boy,Elinor,girl
Micheal,boy,Emeline,girl
Orin,boy,Emilia,girl
Addison,boy,Etha,girl
Cal,boy,Indiana,girl
Erastus,boy,Ione,girl
Francisco,boy,Josiephine,girl
Hardy,boy,Kitty,girl
Lucien,boy,Lavina,girl
Randolph,boy,Leda,girl
Stewart,boy,Letta,girl
Vern,boy,Mahala,girl
Wilmer,boy,Marcia,girl
Zack,boy,Margarette,girl
Adrian,boy,Maudie,girl
Alvah,boy,Maye,girl
Bertram,boy,Norah,girl
Clay,boy,Patty,girl
Ephraim,boy,Paula,girl
Fritz,boy,Permelia,girl
Giles,boy,Rosalia,girl
Grover,boy,Roxanna,girl
Harris,boy,Sula,girl
Isom,boy,Vada,girl
Jesus,boy,Winnifred,girl
Johnie,boy,Adline,girl
Jonathan,boy,Almira,girl
Lucian,boy,Alvena,girl
Malcolm,boy,Arizona,girl
Merritt,boy,Becky,girl
Otho,boy,Bernadette,girl
Perley,boy,Cordia,girl
Rolla,boy,Corine,girl
Sandy,boy,Dicie,girl
Tomas,boy,Dove,girl
Wilford,boy,Drusilla,girl
Adolphus,boy,Elena,girl
Angus,boy,Elenora,girl
Arther,boy,Elmina,girl
Carlos,boy,Ethyl,girl
Cary,boy,Evalyn,girl
Cassius,boy,Evelina,girl
Davis,boy,Faye,girl
Hamilton,boy,Huldah,girl
Harve,boy,Idell,girl
Israel,boy,Inga,girl
Leander,boy,Irena,girl
Melville,boy,Kattie,girl
Merle,boy,Lavenia,girl
Murray,boy,Lovina,girl
Pleasant,boy,Lulie,girl
Sterling,boy,Magnolia,girl
Steven,boy,Margeret,girl
Axel,boy,Margery,girl
Boyd,boy,Media,girl
Bryant,boy,Millicent,girl
Clement,boy,Nena,girl
Erwin,boy,Orilla,girl
Ezekiel,boy,Pansy,girl
Foster,boy,Rosia,girl
Frances,boy,Rowena,girl
Geo,boy,Tabitha,girl
Houston,boy,Verdie,girl
Issac,boy,Zetta,girl
Jules,boy,Zoa,girl
Larkin,boy,Zona,girl
Mat,boy,Albertina,girl
Morton,boy,Albina,girl
Orlando,boy,Alyce,girl
Pierce,boy,Amie,girl
Prince,boy,Annis,girl
Rollie,boy,Carra,girl
Rollin,boy,Clarinda,girl
Sim,boy,Delphia,girl
Stuart,boy,Dillie,girl
Wilburn,boy,Doshie,girl
Bennett,boy,Drucilla,girl
Casper,boy,Etna,girl
Christ,boy,Eugenie,girl
Dell,boy,Eulalia,girl
Egbert,boy,Eve,girl
Elmo,boy,Felicia,girl
Fay,boy,Florance,girl
Gabriel,boy,Fronie,girl
Hector,boy,Geraldine,girl
Horatio,boy,Gina,girl
Lige,boy,Glenna,girl
Saul,boy,Grayce,girl
Smith,boy,Hedwig,girl
Squire,boy,Jossie,girl
Tobe,boy,Katheryn,girl
Tommie,boy,Katy,girl
Wyatt,boy,Leanna,girl
Alford,boy,Leitha,girl
Alma,boy,Leone,girl
Alton,boy,Lidie,girl
Andres,boy,Loma,girl
Burl,boy,Lular,girl
Cicero,boy,Magdalen,girl
Dean,boy,Maymie,girl
Dorsey,boy,Minervia,girl
Enos,boy,Muriel,girl
Howell,boy,Neppie,girl
Lou,boy,Onie,girl
Loyd,boy,Osa,girl
Mahlon,boy,Otelia,girl
Nat,boy,Paralee,girl
Omar,boy,Patience,girl
Oran,boy,Rella,girl
Parker,boy,Rillie,girl
Raleigh,boy,Rosanna,girl
Reginald,boy,Tilda,girl
Rubin,boy,Tishie,girl
Seymour,boy,Tressa,girl
Wm,boy,Viva,girl
Young,boy,Yetta,girl
Benjamine,boy,Zena,girl
Carey,boy,Zola,girl
Carlton,boy,Abby,girl
Eldridge,boy,Aileen,girl
Elzie,boy,Alda,girl
Garrett,boy,Alla,girl
Isham,boy,Alverta,girl
Johnson,boy,Ara,girl
Larry,boy,Ardelia,girl
Logan,boy,Ardella,girl
Merrill,boy,Arrie,girl
Mont,boy,Arvilla,girl
Oren,boy,Aurora,girl
Pierre,boy,Bama,girl
Rex,boy,Bena,girl
Rodney,boy,Calla,girl
Ted,boy,Camilla,girl
Webster,boy,Carlotta,girl
West,boy,Celestia,girl
Wheeler,boy,Cherry,girl
Willam,boy,Cinda,girl
Al,boy,Classie,girl
Aloysius,boy,Claudine,girl
Alvie,boy,Clemie,girl
Anna,boy,Clyda,girl
Art,boy,Creola,girl
Augustine,boy,Debbie,girl
Bailey,boy,Dinah,girl
Benjaman,boy,Doshia,girl
Beverly,boy,Ednah,girl
Bishop,boy,Edyth,girl
Clair,boy,Eleanora,girl
Cloyd,boy,Electa,girl
Coleman,boy,Eola,girl
Dana,boy,Eudora,girl
Duncan,boy,Euphemia,girl
Dwight,boy,Evalena,girl
Emile,boy,Evaline,girl
Evert,boy,Faith,girl
Henderson,boy,Fidelia,girl
Hunter,boy,Golda,girl
Jean,boy,Helma,girl
Lem,boy,Hermine,girl
Luis,boy,Hessie,girl
Mathias,boy,Ivah,girl
Maynard,boy,Janette,girl
Miguel,boy,Jennette,girl
Mortimer,boy,Joella,girl
Nels,boy,Kathryne,girl
Norris,boy,Lanie,girl
Pat,boy,Lauretta,girl
Phil,boy,Leana,girl
Rush,boy,Leatha,girl
Santiago,boy,Liller,girl
Sol,boy,Lillis,girl
Sydney,boy,Louetta,girl
Thaddeus,boy,Madie,girl
Thornton,boy,Mai,girl
Tim,boy,Martina,girl
Travis,boy,Maryann,girl
Truman,boy,Melva,girl
Watson,boy,Mena,girl
Webb,boy,Mercedes,girl
Wellington,boy,Mima,girl
Winfred,boy,Minda,girl
Wylie,boy,Monica,girl
Alec,boy,Nealie,girl
Basil,boy,Netta,girl
Baxter,boy,Nolia,girl
Bertrand,boy,Nonie,girl
Buford,boy,Odelia,girl
Burr,boy,Ottilie,girl
Cleveland,boy,Phyllis,girl
Colonel,boy,Sabina,girl
Dempsey,boy,Sada,girl
Early,boy,Suzanne,girl
Ellsworth,boy,Sybilla,girl
Fate,boy,Thea,girl
Finley,boy,Tressie,girl
Gabe,boy,Vallie,girl
Garland,boy,Venie,girl
Gerald,boy,Viney,girl
Herschel,boy,Wilhelmine,girl
Hezekiah,boy,Winona,girl
Justus,boy,Zelda,girl
Lindsey,boy,Zilpha,girl
Marcellus,boy,Adelle,girl
Olaf,boy,Adina,girl
Olin,boy,Adrienne,girl
Pablo,boy,Albertine,girl
Rolland,boy,Alys,girl
Turner,boy,Ana,girl
Verne,boy,Araminta,girl
Volney,boy,Birtha,girl
Williams,boy,Bulah,girl
Almon,boy,Caddie,girl
Alois,boy,Celie,girl
Alonza,boy,Charlotta,girl
Anson,boy,Concepcion,girl
Authur,boy,Cordella,girl
Benton,boy,Corrine,girl
Billie,boy,Delila,girl
Cornelious,boy,Delphine,girl
Darius,boy,Dosha,girl
Denis,boy,Elaine,girl
Dillard,boy,Elisa,girl
Doctor,boy,Ellar,girl
Elvin,boy,Elmire,girl
Emma,boy,Elvina,girl
Eric,boy,Ena,girl
Evans,boy,Estie,girl
Gideon,boy,Etter,girl
Haywood,boy,Fronnie,girl
Hilliard,boy,Georgina,girl
Hosea,boy,Gracia,girl
Lincoln,boy,Gwendolyn,girl
Lonzo,boy,Hassie,girl
Lucious,boy,Honora,girl
Lum,boy,Icy,girl
Malachi,boy,Isa,girl
Newt,boy,Isadora,girl
Noel,boy,Johannah,girl
Orie,boy,Juana,girl
Palmer,boy,Junie,girl
Pinkney,boy,Lavonia,girl
Shirley,boy,Lella,girl
Sumner,boy,Lemma,girl
Terry,boy,Letty,girl
Urban,boy,Linna,girl
Uriah,boy,Littie,girl
Valentine,boy,Lollie,girl
Waldo,boy,Lorene,girl
Warner,boy,Lovisa,girl
Wong,boy,Lucina,girl
Zeb,boy,Madora,girl
Abel,boy,Mahalia,girl
Alden,boy,Manervia,girl
Archer,boy,Manuela,girl
Avery,boy,Margarett,girl
Carson,boy,Margaretta,girl
Cullen,boy,Margarita,girl
Doc,boy,Marilla,girl
Eben,boy,Mignon,girl
Elige,boy,Mozella,girl
Elizabeth,boy,Natalie,girl
Elmore,boy,Nelia,girl
Ernst,boy,Nolie,girl
Finis,boy,Omie,girl
Freddie,boy,Ottilia,girl
Godfrey,boy,Parthenia,girl
Guss,boy,Penelope,girl
Hamp,boy,Pinkey,girl
Hermann,boy,Pollie,girl
Isadore,boy,Rennie,girl
Isreal,boy,Reta,girl
Jones,boy,Roena,girl
June,boy,Rosalee,girl
Lacy,boy,Roseanna,girl
Lafe,boy,Ruthie,girl
Leland,boy,Sabra,girl
Llewellyn,boy,Sannie,girl
Ludwig,boy,Selena,girl
Manford,boy,Sibyl,girl
Maxwell,boy,Tella,girl
Minnie,boy,Tempie,girl
Obie,boy,Tennessee,girl
Octave,boy,Teressa,girl
Orrin,boy,Texas,girl
Ossie,boy,Theda,girl
Oswald,boy,Thursa,girl
Park,boy,Ula,girl
Parley,boy,Vannie,girl
Ramon,boy,Verona,girl
Rice,boy,Vertie,girl
Stonewall,boy,Wilma,girl
Theo,boy,Adell,girl
Tillman,boy,Aggie,girl
Addie,boy,Alcie,girl
Aron,boy,Alfreda,girl
Ashley,boy,Alicia,girl
Bernhard,boy,Allene,girl
Bertie,boy,Almyra,girl
Berton,boy,Anastacia,girl
Buster,boy,Aria,girl
Butler,boy,Arminda,girl
Carleton,boy,Aura,girl
Carrie,boy,Avie,girl
Clara,boy,Berdie,girl
Clarance,boy,Buena,girl
Clare,boy,Calista,girl
Crawford,boy,Cammie,girl
Danial,boy,Cara,girl
Dayton,boy,Celesta,girl
Dolphus,boy,Celeste,girl
Elder,boy,Chaney,girl
Ephriam,boy,Chanie,girl
Fayette,boy,Charlottie,girl
Felipe,boy,Chrissie,girl
Fernando,boy,Christene,girl
Flem,boy,Christiana,girl
Florence,boy,Cleora,girl
Ford,boy,Clora,girl
Harlan,boy,Coralie,girl
Hayes,boy,Dayse,girl
Henery,boy,Delfina,girl
Hoy,boy,Deliah,girl
Huston,boy,Delina,girl
Ida,boy,Delle,girl
Ivory,boy,Dicy,girl
Jonah,boy,Donia,girl
Justin,boy,Dulcie,girl
Lenard,boy,Edwina,girl
Leopold,boy,Ela,girl
Lionel,boy,Eleonora,girl
Manley,boy,Elta,girl
Marquis,boy,Elzada,girl
Marshal,boy,Emaline,girl
Mart,boy,Eulah,girl
Odie,boy,Eulalie,girl
Olen,boy,Euna,girl
Oral,boy,Zadie,girl
Orley,boy,Eveline,girl
Otha,boy,Lelah,girl
Press,boy,Nanie,girl
Price,boy,Petra,girl
Quincy,boy,Glennie,girl
Randall,boy,Juliette,girl
Rich,boy,Mercy,girl
Richmond,boy,Miranda,girl
Romeo,boy,Nana,girl
Russel,boy,Zilpah,girl
Rutherford,boy,Almedia,girl
Shade,boy,Byrdie,girl
Shelby,boy,Claribel,girl
Solon,boy,Coral,girl
Thurman,boy,Exie,girl
Tilden,boy,Malissie,girl
Troy,boy,Myrtice,girl
Woodson,boy,Narcissus,girl
Worth,boy,Rosamond,girl
Aden,boy,Theresia,girl
Alcide,boy,Valeria,girl
Alf,boy,Vessie,girl
Algie,boy,Victorine,girl
Arlie,boy,Arabella,girl
Bart,boy,Dottie,girl
Bedford,boy,Flo,girl
Benito,boy,Fredericka,girl
Billy,boy,Gusta,girl
Bird,boy,Icie,girl
Birt,boy,Lillia,girl
Bruno,boy,Lota,girl
Burley,boy,Nathalie,girl
Chancy,boy,Nita,girl
Claus,boy,Ota,girl
Cliff,boy,Ramona,girl
Clovis,boy,Texie,girl
Connie,boy,Zillah,girl
Creed,boy,Aida,girl
Delos,boy,Arra,girl
Duke,boy,Belva,girl
Eber,boy,Biddie,girl
Eligah,boy,Bula,girl
Elliot,boy,Carry,girl
Elton,boy,Crete,girl
Emmitt,boy,Dossie,girl
Gene,boy,Evangeline,girl
Golden,boy,Flavia,girl
Hal,boy,Fleta,girl
Hardin,boy,Fronia,girl
Harman,boy,Gillie,girl
Hervey,boy,Jinnie,girl
Hollis,boy,Katharina,girl
Ivey,boy,Mirtie,girl
Jennie,boy,Mora,girl
Len,boy,Ninnie,girl
Lindsay,boy,Rettie,girl
Lonie,boy,Rozella,girl
Lyle,boy,Sofia,girl
Mac,boy,Sybil,girl
Mal,boy,Sylvania,girl
Math,boy,Tilla,girl
Miller,boy,Ursula,girl
Orson,boy,Veda,girl
Osborne,boy,Zaida,girl
Percival,boy,Zenobia,girl
Pleas,boy,Aletha,girl
Ples,boy,Ason,girl
Rafael,boy,Bina,girl
Raoul,boy,Chloie,girl
Roderick,boy,Christie,girl
Rose,boy,Corean,girl
Shelton,boy,Corinna,girl
Sid,boy,Elodie,girl
Theron,boy,Epsie,girl
Tobias,boy,Exa,girl
Toney,boy,Georgine,girl
Tyler,boy,Gretta,girl
Vance,boy,Henriette,girl
Vivian,boy,Jemima,girl
Walton,boy,Jo,girl
Watt,boy,Josefa,girl
Weaver,boy,Juliana,girl
Wilton,boy,Katharyn,girl
Adolf,boy,Lavada,girl
Albin,boy,Leonore,girl
Albion,boy,Levina,girl
Allison,boy,Libby,girl
Alpha,boy,Lilie,girl
Alpheus,boy,Louanna,girl
Anastacio,boy,Mabell,girl
Andre,boy,Madeleine,girl
Annie,boy,Marinda,girl
Arlington,boy,Mila,girl
Armand,boy,Neta,girl
Asberry,boy,Orlena,girl
Asbury,boy,Ozella,girl
Asher,boy,Ressie,girl
Augustin,boy,Rosena,girl
Auther,boy,Rosey,girl
Author,boy,Senora,girl
Ballard,boy,Siddie,girl
Blas,boy,Susana,girl
Caesar,boy,Susanne,girl
Candido,boy,Texanna,girl
Cato,boy,Tiney,girl
Clarke,boy,Tinie,girl
Clemente,boy,Tiny,girl
Colin,boy,Achsah,girl
Commodore,boy,Agness,girl
Cora,boy,Ala,girl
Coy,boy,Alabama,girl
Cruz,boy,Alexina,girl
Curt,boy,Altie,girl
Damon,boy,Ama,girl
Davie,boy,Amalie,girl
Delmar,boy,Amelie,girl
Dexter,boy,Amey,girl
Dora,boy,Amma,girl
Doss,boy,Ammie,girl
Drew,boy,Anie,girl
Edson,boy,Annabell,girl
Elam,boy,Arta,girl
Elihu,boy,Attie,girl
Eliza,boy,Audra,girl
Elsie,boy,Azzie,girl
Erie,boy,Cathryn,girl
Ernie,boy,Cena,girl
Ethel,boy,Chestina,girl
Ferd,boy,Crissie,girl
Friend,boy,Cyntha,girl
Garry,boy,Daisye,girl
Gary,boy,Dellia,girl
Grace,boy,Delta,girl
Gustaf,boy,Dema,girl
Hallie,boy,Dezzie,girl
Hampton,boy,Dola,girl
Harrie,boy,Dollye,girl
Hattie,boy,Eithel,girl
Hence,boy,Elba,girl
Hillard,boy,Elfrieda,girl
Hollie,boy,Elna,girl
Holmes,boy,Emogene,girl
Hope,boy,Enola,girl
Hyman,boy,Verda,girl
Ishmael,boy,Gretchen,girl
Jarrett,boy,Hermina,girl
Jessee,boy,Nelly,girl
Joeseph,boy,Eller,girl
Junious,boy,Hetty,girl
Kirk,boy,Luetta,girl
Levy,boy,Pennie,girl
Mervin,boy,Rosemary,girl
Michel,boy,Beckie,girl
Milford,boy,Buna,girl
Mitchel,boy,Caldonia,girl
Nellie,boy,Candace,girl
Noble,boy,Edla,girl
Obed,boy,Florrie,girl
Oda,boy,Luisa,girl
Orren,boy,Myrtis,girl
Ottis,boy,Trudie,girl
Rafe,boy,Agusta,girl
Redden,boy,Alphonsine,girl
Reese,boy,Dellie,girl
Rube,boy,Delpha,girl
Ruby,boy,Kathyrn,girl
Rupert,boy,Loretto,girl
Salomon,boy,Lucindy,girl
Sammie,boy,Maybell,girl
Sanders,boy,Odile,girl
Soloman,boy,Orah,girl
Stacy,boy,Prudie,girl
Stanford,boy,Rhea,girl
Stanton,boy,Rinda,girl
Thad,boy,Rosy,girl
Titus,boy,Roxy,girl
Tracy,boy,Sarrah,girl
Vernie,boy,Susannah,girl
Wendell,boy,Tula,girl
Wilhelm,boy,Alwina,girl
Willian,boy,Arah,girl
Yee,boy,Bernadine,girl
Zeke,boy,Capitola,girl
Ab,boy,Cathern,girl
Abbott,boy,Columbia,girl
Agustus,boy,Eileen,girl
Albertus,boy,Elizbeth,girl
Almer,boy,Eura,girl
Alphonso,boy,Hennie,girl
Alvia,boy,Henretta,girl
Artie,boy,Ivie,girl
Arvid,boy,Jeanie,girl
Ashby,boy,Justina,girl
Augusta,boy,Leaner,girl
Aurthur,boy,Leonia,girl
Babe,boy,Lorraine,girl
Baldwin,boy,Lucetta,girl
Barnett,boy,Macie,girl
Bartholomew,boy,Mahalie,girl
Barton,boy,Marry,girl
Bernie,boy,Novella,girl
Blaine,boy,Olevia,girl
Boston,boy,Phillis,girl
Brad,boy,Philomene,girl
Bradford,boy,Salina,girl
Bradley,boy,Sinda,girl
Brooks,boy,Tinnie,girl
Buck,boy,Vashti,girl
Budd,boy,Vella,girl
Ceylon,boy,Veva,girl
Chalmers,boy,Vicy,girl
Chesley,boy,Zita,girl
Chin,boy,Affie,girl
Cleo,boy,Albertha,girl
Crockett,boy,Anabel,girl
Cyril,boy,Artelia,girl
Daisy,boy,Barbra,girl
Denver,boy,Beaulah,girl
Dow,boy,Bertina,girl
Duff,boy,Birdella,girl
Edie,boy,Blossom,girl
Edith,boy,Carmela,girl
Elick,boy,Carolyne,girl
Elie,boy,Cilla,girl
Eliga,boy,Denise,girl
Eliseo,boy,Dorthea,girl
Elroy,boy,Eleonore,girl
Ely,boy,Fairy,girl
Ennis,boy,Fannye,girl
Enrique,boy,Franc,girl
Erasmus,boy,Francina,girl
Esau,boy,Francisca,girl
Everette,boy,Genevra,girl
Firman,boy,Helga,girl
Fleming,boy,Iza,girl
Flora,boy,Jeanetta,girl
Gardner,boy,Jeannie,girl
Gee,boy,Jerusha,girl
Gorge,boy,Lisette,girl
Gottlieb,boy,Loda,girl
Gregorio,boy,Luda,girl
Gregory,boy,Lynda,girl
Gustavus,boy,Marget,girl
Halsey,boy,Mariam,girl
Handy,boy,Modena,girl
Hardie,boy,Nanna,girl
Harl,boy,Nelie,girl
Hayden,boy,Olena,girl
Hays,boy,Lelar,girl
Hermon,boy,Matilde,girl
Hershel,boy,Simona,girl
Holly,boy,Thora,girl
Hosteen,boy,Angelita,girl
Hoyt,boy,Berenice,girl
Hudson,boy,Dagmar,girl
Huey,boy,Dina,girl
Humphrey,boy,Ema,girl
Hunt,boy,Florine,girl
Hyrum,boy,Loraine,girl
Irven,boy,Maida,girl
Isam,boy,Missie,girl
Ivy,boy,Arline,girl
Jabez,boy,Beatrix,girl
Jewel,boy,Dorathea,girl
Jodie,boy,Elenor,girl
Judd,boy,Gertha,girl
Julious,boy,Lesta,girl
Justice,boy,Rebekah,girl
Katherine,boy,Almina,girl
Kelly,boy,Arlena,girl
Kit,boy,Dot,girl
Knute,boy,Elfie,girl
Lavern,boy,Ermine,girl
Lawyer,boy,Francisqui,girl
Layton,boy,Georgeanna,girl
Brown,boy,Glendora,girl
Newell,boy,Leontine,girl
Carter,boy,Leva,girl
Lucas,boy,Litha,girl
Ransom,boy,Luberta,girl
Bee,boy,Marianna,girl
Meyer,boy,Parlee,girl
Paris,boy,Pearla,girl
Byrd,boy,Sister,girl
Deforest,boy,Thresa,girl
Dolph,boy,Alene,girl
Harper,boy,Alverda,girl
Jule,boy,Antonette,girl
Lambert,boy,Argie,girl
Margaret,boy,Arkie,girl
Ocie,boy,Arletta,girl
Orange,boy,Bea,girl
Reece,boy,Bettye,girl
Roe,boy,Cappie,girl
Ambers,boy,Caro,girl
Bessie,boy,Cloe,girl
Collins,boy,Corene,girl
Elbridge,boy,Deetta,girl
Eldon,boy,Elberta,girl
Elvis,boy,Ether,girl
Gaston,boy,Felicie,girl
Guadalupe,boy,Frederica,girl
Hartwell,boy,Hellen,girl
Knox,boy,Icey,girl
Lue,boy,Ines,girl
Manning,boy,Junia,girl
Ola,boy,Laney,girl
Reed,boy,Lassie,girl
Sampson,boy,Lockie,girl
Samual,boy,Lossie,girl
Thos,boy,Lovey,girl
Todd,boy,Marianita,girl
Tommy,boy,Mattye,girl
Unknown,boy,Rubie,girl
Wirt,boy,Milly,girl
Woodie,boy,Pluma,girl
Alice,boy,Ruie,girl
Alvis,boy,Vira,girl
Ammon,boy,Cleva,girl
Boss,boy,Gennie,girl
Cas,boy,Sadye,girl
Cass,boy,Vennie,girl
Chalmer,boy,Zettie,girl
Denton,boy,Clevie,girl
Elsworth,boy,Ferne,girl
Erving,boy,Maebelle,girl
Fredric,boy,Maxine,girl
Furman,boy,Pearly,girl
Helen,boy,Savanah,girl
Pearlie,boy,Savilla,girl
Plummer,boy,Valerie,girl
Presley,boy,Violetta,girl
Rollo,boy,Adelina,girl
Roswell,boy,Alzina,girl
Ruffus,boy,Annice,girl
Sheldon,boy,Beda,girl
Tilman,boy,Clarabelle,girl
York,boy,Fleda,girl
Acie,boy,Goldia,girl
Alfonso,boy,Laila,girl
Ashton,boy,Leala,girl
Burke,boy,Lilah,girl
Cap,boy,Lyla,girl
Casimiro,boy,Naoma,girl
Collie,boy,Nealy,girl
Curley,boy,Olivine,girl
Dale,boy,Rutha,girl
Dixon,boy,Sussie,girl
Dominick,boy,Theodocia,girl
Garret,boy,Vassie,girl
Gerrit,boy,Zina,girl
Griffin,boy,Aurore,girl
Hall,boy,Beth,girl
Heber,boy,Channie,girl
Hurley,boy,Freida,girl
Isidore,boy,Georganna,girl
Lorenza,boy,Izetta,girl
Marian,boy,Kathern,girl
Maud,boy,Lady,girl
Maude,boy,Lala,girl
Murphy,boy,Lilia,girl
Obe,boy,Lurana,girl
Orla,boy,Mozelle,girl
Orlo,boy,Norine,girl
Orrie,boy,Oney,girl
Sebastian,boy,Clotilde,girl
Starling,boy,Nova,girl
Tolbert,boy,Myrna,girl
Whit,boy,Medora,girl
Adrien,boy,Hildur,girl
Alto,boy,Imo,girl
Angelo,boy,Ragna,girl
Antone,boy,Vinie,girl
Arden,boy,Emmy,girl
Atticus,boy,Hildegarde,girl
Belton,boy,Octa,girl
Bertha,boy,Aurilla,girl
Blair,boy,Beula,girl
Burrell,boy,Lera,girl
Callie,boy,Macy,girl
Campbell,boy,Margrett,girl
Champ,boy,Melina,girl
Coley,boy,Pheobe,girl
Conway,boy,Alvira,girl
Craig,boy,Clella,girl
Dalton,boy,Cornie,girl
Darrell,boy,Dorotha,girl
Darwin,boy,Dorthy,girl
Dennie,boy,Dosia,girl
Ebb,boy,Enid,girl
Ebbie,boy,Essa,girl
Edna,boy,Evelena,girl
Ellison,boy,Genoveva,girl
Elonzo,boy,Greta,girl
Emit,boy,Ica,girl
Emry,boy,Ilma,girl
Ephram,boy,Lalla,girl
Esequiel,boy,Lana,girl
Essie,boy,Leonor,girl
Esta,boy,Lolla,girl
Evertt,boy,Lorna,girl
Garner,boy,Vergie,girl
Garnett,boy,Mossie,girl
Graham,boy,Manuelita,girl
Gregg,boy,Oline,girl
Halbert,boy,Ima,girl
Harvie,boy,Janey,girl
Harvy,boy,Villa,girl
Hubbard,boy,Clytie,girl
Jared,boy,Ermina,girl
Jere,boy,Hertha,girl
Joesph,boy,Margaretha,girl
Johnathan,boy,Melanie,girl
Juluis,boy,Metha,girl
Kirby,boy,Pricilla,girl
Kyle,boy,Sigrid,girl
Lane,boy,Thekla,girl
Lawerence,boy,Berniece,girl
Less,boy,Betha,girl
Linwood,boy,Florie,girl
Louise,boy,Hilah,girl
Lowell,boy,Isla,girl
Loy,boy,Judie,girl
Lucy,boy,Lethia,girl
Manly,boy,Louisiana,girl
Mannie,boy,Rubye,girl
Marcel,boy,Silvia,girl
Marius,boy,Zelpha,girl
Marrion,boy,Alwilda,girl
Mercer,boy,Angele,girl
Monte,boy,Verlie,girl
Montgomery,boy,Zelia,girl
Nolan,boy,Gunda,girl
Okey,boy,Octavie,girl
Page,boy,Orelia,girl
Philo,boy,Retha,girl
Primus,boy,Signe,girl
Prosper,boy,Anice,girl
Pryor,boy,Carlota,girl
Rene,boy,Lurline,girl
Robin,boy,Luz,girl
Roll,boy,Opha,girl
Seward,boy,Ura,girl
Shannon,boy,Vicie,girl
Talmage,boy,Alwine,girl
Vaughn,boy,Carmelita,girl
Verner,boy,Clemma,girl
Waverly,boy,Elia,girl
Weldon,boy,Eloisa,girl
Wells,boy,Eppie,girl
Wiliam,boy,Gustie,girl
Wing,boy,Hazle,girl
Wood,boy,Lu,girl
Wright,boy,Ebba,girl
Add,boy,Margarete,girl
Adelard,boy,Myrle,girl
Cleve,boy,Nadine,girl
Linus,boy,Pallie,girl
Martha,boy,Betsey,girl
Reinhold,boy,Cleta,girl
Junior,boy,Filomena,girl
Ace,boy,Orra,girl
Armstead,boy,Arlene,girl
Benedict,boy,Margretta,girl
Brice,boy,Pairlee,girl
Gibson,boy,Zana,girl
May,boy,Francies,girl
Mills,boy,Marjory,girl
Adolfo,boy,Roxana,girl
Alanzo,boy,Cressie,girl
Antoine,boy,Erla,girl
Ethan,boy,Herma,girl
Eustace,boy,Oliva,girl
Ewing,boy,Rosalind,girl
Fernand,boy,Chessie,girl
Fisher,boy,Daphne,girl
Gail,boy,Lulah,girl
Harland,boy,Marvel,girl
Hilary,boy,Monnie,girl
Hosie,boy,Noemie,girl
Lemon,boy,Gregoria,girl
Lora,boy,Josefina,girl
Marsh,boy,Fleeta,girl
Newman,boy,Madaline,girl
Nickolas,boy,Hildred,girl
Olie,boy,Sibbie,girl
Pearley,boy,Verena,girl
Roman,boy,Bernardine,girl
Rome,boy,Gerda,girl
Rowland,boy,Hazelle,girl
Shelly,boy,Nobie,girl
Vicente,boy,Reva,girl
Weston,boy,Vonnie,girl
Alan,boy,Ethie,girl
Alberto,boy,Jessye,girl
Alexis,boy,Jetta,girl
Auguste,boy,Signa,girl
Bascom,boy,Delcie,girl
Cameron,boy,Hildegard,girl
Camille,boy,Treva,girl
Clabe,boy,Violette,girl
Cooper,boy,Sylva,girl
Domingo,boy,Twila,girl
Elwin,boy,Concetta,girl
Emilio,boy,Idabelle,girl
French,boy,Lulla,girl
Gerhard,boy,Mira,girl
Hansford,boy,Nila,girl
Jarvis,boy,Olar,girl
Jobe,boy,Velva,girl
Josephus,boy,Yvonne,girl
Landon,boy,Evia,girl
Lennie,boy,Willia,girl
Leonidas,boy,Dortha,girl
Lesley,boy,Else,girl
Lillian,boy,Freeda,girl
Linn,boy,Versa,girl
Littleton,boy,Ilah,girl
Lone,boy,Maurine,girl
Margarito,boy,Vernice,girl
Mattie,boy,Elmyra,girl
Melton,boy,Madelyn,girl
Ott,boy,Cannie,girl
Randle,boy,Carmella,girl
Seaborn,boy,Cliffie,girl
Severt,boy,Ever,girl
Steward,boy,Leafy,girl
Sylvanus,boy,Olinda,girl
Theadore,boy,Virdie,girl
Theophile,boy,Allena,girl
Vester,boy,Clotilda,girl
Wenzel,boy,Elida,girl
Alby,boy,Elvera,girl
Alcee,boy,Fae,girl
Almond,boy,Josefita,girl
Alvy,boy,Lurena,girl
Amon,boy,Versie,girl
Ansel,boy,Vivien,girl
Bayard,boy,Melba,girl
Benny,boy,Alline,girl
Bluford,boy,Elfreda,girl
Booker,boy,Verla,girl
Burnett,boy,Ouida,girl
Burney,boy,Flonnie,girl
Caswell,boy,Palma,girl
Claudie,boy,Consuelo,girl
Conley,boy,Lorine,girl
Cortez,boy,Venus,girl
Dionicio,boy,Hasel,girl
Donnie,boy,Noma,girl
Eldred,boy,Virgia,girl
Ell,boy,Alleen,girl
Ellery,boy,Mavis,girl
Ellwood,boy,Nelda,girl
Elva,boy,Trilby,girl
Emmit,boy,Adel,girl
Erle,boy,Buelah,girl
Essex,boy,Milda,girl
Ewell,boy,Velda,girl
Ewin,boy,Bernetta,girl
Fabian,boy,Neoma,girl
Florencio,boy,Gaynell,girl
Fremont,boy,Laurette,girl
Gaines,boy,Coletta,girl
Garnet,boy,Zela,girl
Gaylord,boy,Zeta,girl
German,boy,Manila,girl
Greene,boy,Manilla,girl
Brady,boy,Cuba,girl
Festus,boy,Earline,girl
Jewell,boy,Vlasta,girl
Odell,boy,Jacqueline,girl
Rosco,boy,Onnie,girl
Bernice,boy,Vara,girl
Chauncy,boy,Alena,girl
Delmer,boy,Ilo,girl
Effie,boy,Imelda,girl
Ellie,boy,Ardis,girl
Jimmy,boy,Delores,girl
Lars,boy,Irva,girl
Milas,boy,Gwen,girl
Miner,boy,Tomasa,girl
Rogers,boy,Veta,girl
Sarah,boy,Berneice,girl
Wess,boy,Lempi,girl
Woody,boy,Eathel,girl
Bryan,boy,Marybelle,girl
Douglass,boy,Chrystal,girl
Hilton,boy,Elvia,girl
Irvine,boy,Ilene,girl
Isidor,boy,Margarite,girl
Jeptha,boy,Marianne,girl
Mabel,boy,Odette,girl
Malcom,boy,Antonina,girl
Mell,boy,Delsie,girl
Olof,boy,Portia,girl
Robt,boy,Reatha,girl
Ronald,boy,Aleen,girl
Simpson,boy,Almeta,girl
Spurgeon,boy,Lilyan,girl
Tandy,boy,Jaunita,girl
Thurlow,boy,Luvinia,girl
Toy,boy,Alvera,girl
Winston,boy,Allean,girl
Zeno,boy,Dagny,girl
Alphonsus,boy,Leoma,girl
Alvan,boy,Oleta,girl
Amado,boy,Trula,girl
Ananias,boy,Ethyle,girl
Ancel,boy,Ingeborg,girl
Atlas,boy,Jeane,girl
Banks,boy,Laurine,girl
Barry,boy,Lorean,girl
Blake,boy,Marge,girl
Blanchard,boy,Margueritta,girl
Bose,boy,Mozell,girl
Captain,boy,Norene,girl
Ceasar,boy,Oneta,girl
Chance,boy,Lolita,girl
Chancey,boy,Elouise,girl
Charle,boy,Cathleen,girl
Clide,boy,Bette,girl
Dink,boy,Earnestine,girl
Ella,boy,Florene,girl
Emett,boy,Laverna,girl
Erick,boy,Rafaela,girl
Estill,boy,Thyra,girl
Fenton,boy,Loyce,girl
Gale,boy,Cleda,girl
Gay,boy,Pearline,girl
Grove,boy,Ceola,girl
Hanson,boy,Lavera,girl
Harlie,boy,Marcelle,girl
Harlow,boy,Romaine,girl
Haskell,boy,Rosalyn,girl
Ingram,boy,Augustina,girl
Iva,boy,Bonita,girl
Jep,boy,Dominga,girl
Joy,boy,Girtha,girl
Lessie,boy,Isobel,girl
Lillie,boy,Anona,girl
Linton,boy,Syble,girl
Linzy,boy,Edris,girl
Little,boy,Santa,girl
Loney,boy,Theola,girl
Loring,boy,Veola,girl
Lovie,boy,Ceil,girl
Lute,boy,Madlyn,girl
Mace,boy,Vernia,girl
Matthias,boy,Ellamae,girl
Meredith,boy,Irine,girl
Benjamen,boy,Linnea,girl
Jens,boy,Madalyn,girl
Oakley,boy,Roslyn,girl
Whitney,boy,Edrie,girl
Donaciano,boy,Vincenza,girl
Hayward,boy,Yolanda,girl
Loran,boy,Edra,girl
Love,boy,Orma,girl
Son,boy,Ilda,girl
Tollie,boy,Ardath,girl
Vollie,boy,Renee,girl
Bonnie,boy,Astrid,girl
Catherine,boy,Beadie,girl
Ebenezer,boy,Doretha,girl
Ewald,boy,Neola,girl
Herb,boy,Vela,girl
Julia,boy,Wava,girl
Silvester,boy,Evelyne,girl
Stafford,boy,Dimple,girl
Sullivan,boy,Annamae,girl
Thurston,boy,Elease,girl
Wayman,boy,Williemae,girl
Wes,boy,Rosaline,girl
Winnie,boy,Charline,girl
Burrel,boy,Charlene,girl
Cleon,boy,Joanne,girl
Dozier,boy,Theta,girl
Elden,boy,Deloris,girl
Fulton,boy,Maureen,girl
Helmer,boy,Rosabelle,girl
Hill,boy,Gilda,girl
Hjalmer,boy,Herminia,girl
Ignatz,boy,Afton,girl
Kelley,boy,Margurite,girl
Marlin,boy,Clydie,girl
Moody,boy,Izola,girl
Myrtle,boy,Rosemarie,girl
Namon,boy,Arnetta,girl
Odin,boy,Gladyce,girl
Odis,boy,Floretta,girl
Oley,boy,Merna,girl
Osborn,boy,Nedra,girl
Osie,boy,Clementina,girl
Prentice,boy,Launa,girl
Purl,boy,Sonia,girl
Roby,boy,Aili,girl
Shep,boy,Gladis,girl
Simmie,boy,Alease,girl
Stanislaus,boy,Madonna,girl
Vander,boy,Azalee,girl
Zollie,boy,Colleen,girl
Abb,boy,Darlene,girl
Ah,boy,Macel,girl
Aleck,boy,Cleola,girl
Beecher,boy,Loree,girl
Blain,boy,Stephania,girl
Bowman,boy,Joann,girl
Bunk,boy,Antonetta,girl
Burgess,boy,Arietta,girl
Carol,boy,Vivienne,girl
Charly,boy,Elinore,girl
Clell,boy,Benita,girl
Cody,boy,Glenda,girl
Lamar,boy,Earlene,girl
Worley,boy,Arleen,girl
Arley,boy,Blanchie,girl
Nicolas,boy,Vilma,girl
Terence,boy,Erline,girl
Claire,boy,Felice,girl
Earley,boy,Georgette,girl
Elzy,boy,Yvette,girl
Fielding,boy,Assunta,girl
Gertrude,boy,Helyn,girl
Nora,boy,Lavonne,girl
Norton,boy,Audry,girl
Clemens,boy,Dorathy,girl
Earlie,boy,Stasia,girl
Ellen,boy,Vita,girl
Epifanio,boy,Jayne,girl
Glover,boy,Maebell,girl
Lark,boy,Mafalda,girl
Laurance,boy,Olympia,girl
Leigh,boy,Masako,girl
Braxton,boy,Stacia,girl
Cleave,boy,Domenica,girl
Colon,boy,Ingrid,girl
Constantine,boy,Wynona,girl
Dominic,boy,Bernita,girl
Emiliano,boy,Carole,girl
Fleet,boy,Elenore,girl
Franklyn,boy,Waneta,girl
Hobart,boy,Esperanza,girl
Josephine,boy,Madelene,girl
Laverne,boy,Roselyn,girl
Lillard,boy,Kathlyn,girl
Lim,boy,Ardith,girl
Merlin,boy,Venita,girl
Milan,boy,Santina,girl
Nim,boy,Maryjane,girl
Norbert,boy,Orene,girl
North,boy,Noreen,girl
Orland,boy,Antionette,girl
Orvis,boy,Margot,girl
Reason,boy,Dawn,girl
Rob,boy,Lahoma,girl
Virge,boy,Alexandra,girl
Zenas,boy,Maryellen,girl
Ada,boy,Ruthe,girl
Alejandro,boy,Cleone,girl
Atha,boy,Kathaleen,girl
Audie,boy,Aldona,girl
Boyce,boy,Janis,girl
Brent,boy,Christeen,girl
Burdette,boy,Dorine,girl
Cash,boy,Caryl,girl
Chase,boy,Francine,girl
Clive,boy,Rosaria,girl
Courtney,boy,Erlene,girl
Cris,boy,Georgetta,girl
Dawson,boy,Olene,girl
Drury,boy,Sheila,girl
Duane,boy,Georgene,girl
Elon,boy,Yoshiko,girl
Estevan,boy,Delora,girl
Fitzhugh,boy,Lavelle,girl
Fount,boy,Idamae,girl
Gray,boy,Michelina,girl
Terrence,boy,Catalina,girl
Bartley,boy,Liberty,girl
Shedrick,boy,Victory,girl
Dixie,boy,Beverley,girl
Ignacio,boy,Laurene,girl
Merl,boy,Marilynn,girl
Nehemiah,boy,Jeraldine,girl
Norwood,boy,Marylou,girl
Raphael,boy,Jacquelyn,girl
Reno,boy,Oneida,girl
Rudy,boy,Concha,girl
Rueben,boy,Marina,girl
Sylvan,boy,Doreen,girl
Virgle,boy,Haruko,girl
Charls,boy,Felipa,girl
Cole,boy,Socorro,girl
Elby,boy,Elois,girl
Ferman,boy,Toshiko,girl
Fern,boy,Carlene,girl
Florian,boy,Fumiko,girl
Fuller,boy,Soledad,girl
Gorden,boy,Gearldine,girl
Gussie,boy,Shirlee,girl
Ham,boy,Merry,girl
Hazel,boy,Clarine,girl
Ignatius,boy,Lorayne,girl
Joaquin,boy,Marlene,girl
Lacey,boy,Kiyoko,girl
Laurie,boy,Elwanda,girl
Lilburn,boy,Elayne,girl
Lovell,boy,Darline,girl
Lovett,boy,Arlyne,girl
Malvin,boy,Marlys,girl
Manson,boy,Mardell,girl
Pratt,boy,Willene,girl
Reid,boy,Inell,girl
Ruffin,boy,Venice,girl
Tomie,boy,Ofelia,girl
Vince,boy,Peggie,girl
Wayland,boy,Beatriz,girl
Acey,boy,Rochelle,girl
Alger,boy,Leatrice,girl
Algernon,boy,Billye,girl
Amasa,boy,Darleen,girl
Amil,boy,Hortencia,girl
Barrett,boy,Ethelene,girl
Britt,boy,Marylouise,girl
Burns,boy,Eris,girl
Calhoun,boy,Bettyjane,girl
Christy,boy,Penny,girl
Cletus,boy,Dorene,girl
Colbert,boy,Toni,girl
Courtland,boy,Lynette,girl
Myles,boy,Vonda,girl
Irl,boy,Amparo,girl
Benson,boy,Bebe,girl
Norval,boy,Phylis,girl
Armond,boy,Bettylou,girl
Frazier,boy,Wanita,girl
Thompson,boy,Marceline,girl
Alfredo,boy,Vernelle,girl
Grady,boy,Ernestina,girl
Lorenz,boy,Doloris,girl
Peyton,boy,Delois,girl
Seldon,boy,Nanette,girl
Ethelbert,boy,Ardelle,girl
Eva,boy,Natalia,girl
Gilman,boy,Estela,girl
Henri,boy,Sherry,girl
Iver,boy,Twyla,girl
Laura,boy,Jacquelin,girl
Leonce,boy,Enriqueta,girl
Mamie,boy,Bobbye,girl
Orion,boy,Patti,girl
Ottie,boy,Lorrayne,girl
Rudolf,boy,Janell,girl
Selmer,boy,Ladonna,girl
Shepherd,boy,Nada,girl
Yancy,boy,Carla,girl
Abbie,boy,Evangelina,girl
Agnes,boy,Willodean,girl
Arnie,boy,Charleen,girl
Arvin,boy,Coleen,girl
Blanche,boy,Illa,girl
Bliss,boy,Shirlie,girl
Cassie,boy,Ailene,girl
Dewey,boy,Erlinda,girl
Diego,boy,Lita,girl
Dorr,boy,Marilou,girl
Edmon,boy,Lawanda,girl
Estes,boy,Charmaine,girl
Gilford,boy,Cherie,girl
Graves,boy,Sonya,girl
Hillery,boy,Raquel,girl
Laurel,boy,Hortensia,girl
Carlisle,boy,Valencia,girl
Hughie,boy,Jocelyn,girl
Orvel,boy,Kazuko,girl
Angel,boy,Joye,girl
Horton,boy,Lidia,girl
Lena,boy,Roseann,girl
Marie,boy,Earlean,girl
Waymon,boy,Jeannine,girl
Arno,boy,Romona,girl
Burnie,boy,Jeanine,girl
Elgie,boy,Joline,girl
Fannie,boy,Felicitas,girl
Felton,boy,Carma,girl
Keith,boy,Marva,girl
Maxie,boy,Colette,girl
Nils,boy,Sondra,girl
Sie,boy,Marilee,girl
Sonny,boy,Jolene,girl
Vere,boy,Jovita,girl
Virgie,boy,Dorla,girl
Benjman,boy,Dianne,girl
Bernardo,boy,Margy,girl
Casey,boy,Velia,girl
Celestino,boy,Margene,girl
Cephus,boy,Beverlee,girl
Della,boy,Maryanne,girl
Hart,boy,Joycelyn,girl
Hillary,boy,Merlene,girl
Hilmer,boy,Oralia,girl
Holland,boy,Sydell,girl
Jacques,boy,Jill,girl
Johny,boy,Ardeth,girl
Jordon,boy,Armida,girl
Julien,boy,Marylin,girl
Julio,boy,Sonja,girl
Kay,boy,Laquita,girl
Le,boy,Julianne,girl
Leeroy,boy,Nannette,girl
Liston,boy,Margo,girl
Lott,boy,Claudette,girl
Doyle,boy,Arla,girl
Gerard,boy,Charlsie,girl
Alfonzo,boy,Marylyn,girl
Carlie,boy,Mitzi,girl
Branch,boy,Patrica,girl
Bush,boy,Eartha,girl
Elgin,boy,Herlinda,girl
Federico,boy,Trudy,girl
Franz,boy,Verdell,girl
Governor,boy,Joretta,girl
Maury,boy,Marsha,girl
Nancy,boy,Verlene,girl
Salvatore,boy,Lynne,girl
Werner,boy,Mariann,girl
Edw,boy,Joetta,girl
Ernesto,boy,Rosanne,girl
Fed,boy,Belia,girl
Foy,boy,Janelle,girl
Galen,boy,Merilyn,girl
Genie,boy,Ardyce,girl
Hjalmar,boy,Rosita,girl
Lawton,boy,Celine,girl
Levin,boy,Carleen,girl
Lish,boy,Carolee,girl
Pascal,boy,Dian,girl
Posey,boy,Dorthey,girl
Redmond,boy,Kathy,girl
Rosendo,boy,Marita,girl
Talmadge,boy,Thomasina,girl
Winford,boy,Marta,girl
Abie,boy,Thalia,girl
Alta,boy,Nira,girl
Alver,boy,Sharlene,girl
Anatole,boy,Rheta,girl
Bobbie,boy,Jerrie,girl
Boone,boy,Ginger,girl
Buell,boy,Jacklyn,girl
Claiborne,boy,Elissa,girl
Loyal,boy,Paulette,girl
Eduardo,boy,Monna,girl
Maggie,boy,Joellen,girl
Needham,boy,Lavona,girl
Mansfield,boy,Bonny,girl
Ras,boy,Luanne,girl
Guilford,boy,Saundra,girl
Sing,boy,Luann,girl
Xavier,boy,Pearlene,girl
Charlton,boy,Nancie,girl
Eula,boy,Shirlene,girl
Mckinley,boy,Marcelina,girl
Polk,boy,Vicki,girl
Shellie,boy,Karol,girl
Bentley,boy,Louann,girl
Claudius,boy,Alison,girl
Conard,boy,Marylee,girl
Cornell,boy,Sharron,girl
Ester,boy,Cathy,girl
Esther,boy,Darla,girl
Mae,boy,Norita,girl
Mildred,boy,Gaye,girl
Neely,boy,Jeri,girl
Owens,boy,Loris,girl
Rance,boy,Shirleyann,girl
Red,boy,Carolynn,girl
Robbie,boy,Marla,girl
Sigurd,boy,Evonne,girl
Teddy,boy,Darlyne,girl
Val,boy,Vernetta,girl
Almus,boy,Rhonda,girl
Sheridan,boy,Shelba,girl
Lorin,boy,Shelva,girl
Carmine,boy,Deanna,girl
Jonnie,boy,Karla,girl
Kent,boy,Tanya,girl
Murl,boy,Annmarie,girl
Ricardo,boy,Wendy,girl
Wilfrid,boy,Ruthann,girl
Adlai,boy,Sherrie,girl
Buddie,boy,Carolann,girl
Burk,boy,Evon,girl
Dessie,boy,Sheryl,girl
Edison,boy,Jacquline,girl
Gifford,boy,Karlene,girl
Goldie,boy,Glennis,girl
Hurbert,boy,Karin,girl
Iverson,boy,Marleen,girl
Job,boy,Roxanne,girl
Leamon,boy,Harlene,girl
Olive,boy,Annamarie,girl
Powell,boy,Jacque,girl
Rexford,boy,Maralyn,girl
Roma,boy,Shari,girl
Romie,boy,Larae,girl
Vick,boy,Gayla,girl
Waldemar,boy,Deanne,girl
Zebulon,boy,Dianna,girl
Alferd,boy,Simone,girl
Algot,boy,Leilani,girl
Alphons,boy,Vickie,girl
Audley,boy,Diann,girl
Barnard,boy,Karolyn,girl
Berkley,boy,Deann,girl
Bethel,boy,Noretta,girl
Caroline,boy,Shelvia,girl
Corbett,boy,Shelvie,girl
Ruth,boy,Shelia,girl
Fidel,boy,Janyce,girl
Guillermo,boy,Jonell,girl
Murry,boy,Marolyn,girl
Reubin,boy,Mimi,girl
Rocco,boy,Noreta,girl
Samson,boy,Roseanne,girl
Westley,boy,Lorelei,girl
Alba,boy,Vicky,girl
Irene,boy,Helaine,girl
Murdock,boy,Maryjo,girl
Nolen,boy,Deana,girl
Royce,boy,Janine,girl
Ruel,boy,Ronda,girl
Willaim,boy,Leanne,girl
Beryl,boy,Cindy,girl
Beulah,boy,Judi,girl
Burleigh,boy,Karel,girl
Carrol,boy,Karon,girl
Con,boy,Glynda,girl
Dillon,boy,Tamara,girl
Ebert,boy,Suzann,girl
Encarnacion,boy,Fran,girl
Cedric,boy,Nanci,girl
Estel,boy,April,girl
Mayo,boy,Hedy,girl
Shelley,boy,Mari,girl
Thorwald,boy,Jannette,girl
Durward,boy,Jerri,girl
Luster,boy,Heidi,girl
Arnett,boy,Dotty,girl
Aubra,boy,Suellen,girl
Avon,boy,Lonna,girl
Bolden,boy,Kathie,girl
Dannie,boy,Ilona,girl
Elex,boy,Laraine,girl
Ferris,boy,Susann,girl
Jeffie,boy,Rona,girl
Lexie,boy,Sharen,girl
Link,boy,Lynnette,girl
Moises,boy,Scarlett,girl
Myer,boy,Belinda,girl
Carlyle,boy,Pam,girl
Arvel,boy,Ruthanne,girl
Erby,boy,Juliann,girl
Floy,boy,Sherron,girl
Hughey,boy,Donita,girl
Ovid,boy,Georgiann,girl
Alston,boy,Jerilyn,girl
Audrey,boy,Sharyn,girl
Buddy,boy,Sherri,girl
Clemmie,boy,Suzan,girl
Clemon,boy,Nyla,girl
Dorothy,boy,Trina,girl
Einar,boy,Judyth,girl
Gurney,boy,Nikki,girl
Hebert,boy,Sheri,girl
Hezzie,boy,Jana,girl
Kurt,boy,Adrianne,girl
Lois,boy,Georgeann,girl
Lula,boy,Terri,girl
Mearl,boy,Caren,girl
Oddie,boy,Kristine,girl
Ramsey,boy,Geri,girl
Vinton,boy,Jerilynn,girl
Zed,boy,Karan,girl
Audy,boy,Rosann,girl
Barnie,boy,Cheri,girl
Donat,boy,Leann,girl
Emmons,boy,Phyliss,girl
Erich,boy,Merrily,girl
Esley,boy,Melody,girl
Eston,boy,Kaaren,girl
Roosevelt,boy,Cassandra,girl
Hartley,boy,Aloma,girl
Jennings,boy,Cathie,girl
Hobert,boy,Sandi,girl
Montie,boy,Ronna,girl
Rae,boy,Karren,girl
Arvil,boy,Jerrilyn,girl
Casimer,boy,Sheron,girl
Elwyn,boy,Pauletta,girl
Evander,boy,Merrilee,girl
Gaither,boy,Terrie,girl
Grafton,boy,Tonya,girl
Guthrie,boy,Sunny,girl
Jettie,boy,Karyn,girl
Lannie,boy,Ginny,girl
Lea,boy,Charla,girl
Moe,boy,Tana,girl
Nestor,boy,Charolette,girl
Ovila,boy,Marcy,girl
Reynold,boy,Cheryle,girl
Reynolds,boy,Kathi,girl
Susie,boy,Karyl,girl
True,boy,Candy,girl
Alwin,boy,Sherryl,girl
Casimir,boy,Luana,girl
Vergil,boy,Rozanne,girl
Hazen,boy,Carlyn,girl
Sigmund,boy,Jacquelynn,girl
Saint,boy,Caron,girl
Silver,boy,Suzette,girl
Eugenio,boy,Dorinda,girl
Lisle,boy,Teri,girl
Milburn,boy,Alana,girl
Carmen,boy,Danna,girl
Orris,boy,Maribeth,girl
Rayford,boy,Pamala,girl
Raymon,boy,Rosalinda,girl
Virgel,boy,Elyse,girl
Aloys,boy,Pamella,girl
Cam,boy,Bobbi,girl
Hale,boy,Corliss,girl
Nile,boy,Cheryll,girl
Offie,boy,Graciela,girl
Opal,boy,Sherilyn,girl
Rosa,boy,Deirdre,girl
Wardell,boy,Gerri,girl
Willy,boy,Glinda,girl
Acy,boy,Mickie,girl
Arthor,boy,Marybeth,girl
Boysie,boy,Cherrie,girl
Britton,boy,Laureen,girl
Oris,boy,Patrice,girl
Gladys,boy,Aleta,girl
Georgia,boy,Candice,girl
Bryon,boy,Kristina,girl
Elvie,boy,Vickey,girl
Frankie,boy,Nicki,girl
Mario,boy,Deena,girl
Pasquale,boy,Janeen,girl
Rhoda,boy,Meryl,girl
Rossie,boy,Bettina,girl
Sherwood,boy,Robyn,girl
Buel,boy,Sharyl,girl
Clearence,boy,Erica,girl
Dabney,boy,Lani,girl
Diamond,boy,Leslee,girl
Dorris,boy,Deidre,girl
Everet,boy,Katrina,girl
Ezell,boy,Kristi,girl
Hobson,boy,Cherryl,girl
Admiral,boy,Dayle,girl
Shafter,boy,Randi,girl
Maceo,boy,Lori,girl
Schley,boy,Jacalyn,girl
Ewart,boy,Starr,girl
Patsy,boy,Kendra,girl
Arba,boy,Suzanna,girl
Orvil,boy,Debby,girl
Adams,boy,Valarie,girl
Collier,boy,Melodie,girl
Gayle,boy,Annemarie,girl
Gladstone,boy,Michaele,girl
Hilario,boy,Janna,girl
Kathryn,boy,Trudi,girl
Mickey,boy,Sandie,girl
Odus,boy,Daria,girl
Vernal,boy,Vikki,girl
Von,boy,Rachelle,girl
Haven,boy,Tonia,girl
Williard,boy,Marcie,girl
Stephan,boy,Candis,girl
Collis,boy,Shiela,girl
Griffith,boy,Regenia,girl
Jethro,boy,Debora,girl
Vic,boy,Maura,girl
Viola,boy,Caryn,girl
Baker,boy,Kristie,girl
Beatrice,boy,Lizabeth,girl
Bynum,boy,Regena,girl
Colvin,boy,Denice,girl
Doris,boy,Drema,girl
Elizah,boy,Shirleen,girl
Eunice,boy,Cathey,girl
Leighton,boy,Cristina,girl
Linnie,boy,Lyndia,girl
Lizzie,boy,Blanca,girl
Rosevelt,boy,Fonda,girl
Farris,boy,Renae,girl
Lemmie,boy,Kathlene,girl
Estell,boy,Loreen,girl
Goebel,boy,Shauna,girl
Tallie,boy,Sharman,girl
Arlo,boy,Valorie,girl
Artis,boy,Sanjuanita,girl
Collin,boy,Bethany,girl
Eddy,boy,Christa,girl
Hester,boy,Sanjuana,girl
Lauren,boy,Candyce,girl
Lupe,boy,Lorrie,girl
Ozie,boy,Tara,girl
Salvador,boy,Pamelia,girl
Santos,boy,Kristy,girl
Schuyler,boy,Collette,girl
Arturo,boy,Roxann,girl
Donovan,boy,Debrah,girl
Kermit,boy,Mindy,girl
Eino,boy,Krista,girl
Olan,boy,Leticia,girl
Danny,boy,Terese,girl
Lola,boy,Mara,girl
Esco,boy,Nicolette,girl
Josef,boy,Vanessa,girl
Lance,boy,Merrie,girl
Leona,boy,Debbra,girl
Mathews,boy,Jenifer,girl
Ova,boy,Lourdes,girl
Pate,boy,Geralyn,girl
Regis,boy,Jaclyn,girl
Rosario,boy,Sharleen,girl
Vito,boy,Lorie,girl
Adron,boy,Allyson,girl
Ancil,boy,Angelia,girl
Arland,boy,Jann,girl
Buren,boy,Joleen,girl
Erland,boy,Christi,girl
Johney,boy,Esmeralda,girl
Clarnce,boy,Teena,girl
Garvin,boy,Gwenda,girl
Agustin,boy,Rhona,girl
Nathen,boy,Brinda,girl
Oneal,boy,Pandora,girl
Verna,boy,Jodi,girl
Victoriano,boy,Kimberley,girl
Doll,boy,Megan,girl
Georgie,boy,Lauri,girl
Heyward,boy,Paige,girl
Ivor,boy,Deborrah,girl
Myrl,boy,Joette,girl
Beckham,boy,Lise,girl
Thedore,boy,Jacqulyn,girl
Thelma,boy,Milagros,girl
Trinidad,boy,Marlena,girl
Verl,boy,Roxane,girl
Evelyn,boy,Ellyn,girl
Hershell,boy,Debera,girl
Marty,boy,Joni,girl
Roberto,boy,Cindi,girl
Teddie,boy,Tricia,girl
Terrell,boy,Brooke,girl
Hilbert,boy,Doretta,girl
Lenon,boy,Lorri,girl
Lenord,boy,Danette,girl
Ozzie,boy,Marci,girl
Porfirio,boy,Alisa,girl
Sammy,boy,Kari,girl
Rayfield,boy,Lesa,girl
Waino,boy,Francesca,girl
Clemence,boy,Lanette,girl
Harm,boy,Sharla,girl
Jamie,boy,Kimberlee,girl
Vincenzo,boy,Zandra,girl
Welton,boy,Sheree,girl
Adrain,boy,Sabrina,girl
Arbie,boy,Valinda,girl
Betty,boy,Sherie,girl
Bobby,boy,Joanie,girl
Desmond,boy,Starla,girl
Domenic,boy,Merri,girl
Duard,boy,Kerri,girl
Raul,boy,Leeann,girl
Severo,boy,Vernita,girl
Tobie,boy,Cherri,girl
Council,boy,Bambi,girl
Domenick,boy,Renita,girl
Darrel,boy,Janel,girl
Graydon,boy,Desiree,girl
Fredie,boy,Denese,girl
Eliot,boy,Roni,girl
Hoke,boy,Sheilah,girl
Pauline,boy,Athena,girl
Tyree,boy,Jeryl,girl
Arne,boy,Danita,girl
Bell,boy,Gisele,girl
Carlo,boy,Sherree,girl
Hansel,boy,Debi,girl
Jiles,boy,Kandy,girl
Leonardo,boy,Felecia,girl
Quentin,boy,Migdalia,girl
Toby,boy,Dayna,girl
Verlin,boy,Debbi,girl
Winthrop,boy,Debroah,girl
Domenico,boy,Jaye,girl
Harrold,boy,Monique,girl
Lucille,boy,Tami,girl
Ryan,boy,Taryn,girl
Benard,boy,Lorinda,girl
Quinton,boy,Moira,girl
Rodolfo,boy,Melodee,girl
Armando,boy,Sheryll,girl
Delmas,boy,Trena,girl
Denzil,boy,Noemi,girl
Luciano,boy,Leesa,girl
Lyndon,boy,Marisa,girl
Vera,boy,Dawna,girl
Taft,boy,Tracie,girl
Delphin,boy,Dani,girl
Rodger,boy,Sheena,girl
Woodrow,boy,Dara,girl
Burnice,boy,Kelli,girl
Giovanni,boy,Shawna,girl
Americo,boy,Barb,girl
Ardell,boy,Kathey,girl
Delmus,boy,Kellie,girl
Gilmer,boy,Wendi,girl
Lucio,boy,Gaylene,girl
Mariano,boy,Liz,girl
Ogden,boy,Jeanna,girl
Oland,boy,Kara,girl
Prentiss,boy,Leisa,girl
Samie,boy,Chandra,girl
Hadley,boy,Dori,girl
Francesco,boy,Jami,girl
Toivo,boy,Meg,girl
Robley,boy,Maritza,girl
Verle,boy,Stacie,girl
Farrell,boy,Glynis,girl
Nathanial,boy,Juli,girl
Reyes,boy,Babette,girl
Eleanor,boy,Tammie,girl
Emmanuel,boy,Tamera,girl
Esker,boy,Tamra,girl
Florentino,boy,Traci,girl
Gaetano,boy,Tammi,girl
Levie,boy,Deb,girl
Guido,boy,Tamela,girl
Aurelio,boy,Cyndi,girl
Curtiss,boy,Gabrielle,girl
Othel,boy,Cathi,girl
Santo,boy,Erika,girl
Harrell,boy,Candi,girl
Lenwood,boy,Jacki,girl
Leopoldo,boy,Nilda,girl
Dante,boy,Keri,girl
Ann,boy,Sarita,girl
Halley,boy,Tia,girl
Reino,boy,Bridgette,girl
Carmelo,boy,Tamie,girl
Wyman,boy,Brigitte,girl
Silvio,boy,Suzy,girl
Colie,boy,Kirsten,girl
Alfonse,boy,Tambra,girl
Aldo,boy,Missy,girl
Amerigo,boy,Gigi,girl
Enrico,boy,Perri,girl
Gasper,boy,Karrie,girl
Attilio,boy,Lissa,girl
Woodroe,boy,Lanita,girl
Nunzio,boy,Suzie,girl
Burnell,boy,Bev,girl
Erling,boy,Alyson,girl
Gilberto,boy,Tresa,girl
Glendon,boy,Kandi,girl
Larue,boy,Bridgett,girl
Masao,boy,Cari,girl
Nevin,boy,Tori,girl
Armin,boy,Alesia,girl
Tyrus,boy,Ivette,girl
Kendall,boy,Kerrie,girl
Garold,boy,Renea,girl
Gennaro,boy,Angelica,girl
Cosmo,boy,Liane,girl
Luigi,boy,Shelli,girl
Hymen,boy,Lesia,girl
Donato,boy,Penni,girl
Melbourne,boy,Tonja,girl
Merwin,boy,Keely,girl
Winton,boy,Melisa,girl
Gino,boy,Tari,girl
Glenwood,boy,Deedee,girl
Geno,boy,Kayla,girl
Glynn,boy,Lisha,girl
Nello,boy,Misty,girl
Durwood,boy,Deidra,girl
Gilmore,boy,Leisha,girl
Saverio,boy,Elana,girl
Garth,boy,Adriana,girl
Hiroshi,boy,Loriann,girl
Arlin,boy,Tania,girl
Yoshio,boy,Dedra,girl
Arvo,boy,Evette,girl
Deward,boy,Latanya,girl
Hughes,boy,Fawn,girl
Tatsuo,boy,Risa,girl
Jerald,boy,Krystal,girl
Zigmund,boy,Deeann,girl
Gerhardt,boy,Johnna,girl
Lynwood,boy,Velvet,girl
Berlin,boy,Corina,girl
Merlyn,boy,Jeana,girl
Pershing,boy,Angelique,girl
Hideo,boy,Marnita,girl
Normand,boy,Jonna,girl
Orvin,boy,Machelle,girl
Joyce,boy,Maribel,girl
Minoru,boy,Barbie,girl
Foch,boy,Loria,girl
Bryce,boy,Gwyn,girl
Carmel,boy,Shanna,girl
Marco,boy,Monika,girl
Winifred,boy,Trisha,girl
Edsel,boy,Alecia,girl
Quinten,boy,Janene,girl
Kiyoshi,boy,Latonya,girl
Therman,boy,Staci,girl
Kazuo,boy,Stefanie,girl
Metro,boy,Melonie,girl
Laddie,boy,Marisol,girl
Harding,boy,Aretha,girl
Kennith,boy,Marti,girl
Eloy,boy,Darci,girl
Daryl,boy,Adriene,girl
Rayburn,boy,Dawne,girl
Jon,boy,Charisse,girl
Dewayne,boy,Shirl,girl
Marcos,boy,Lesli,girl
Kevin,boy,Jena,girl
Harden,boy,Brigette,girl
Delton,boy,Tamala,girl
Reynaldo,boy,Shana,girl
Donal,boy,Delisa,girl
Toshio,boy,Maricela,girl
Dwayne,boy,Alyssa,girl
Zane,boy,Michell,girl
Luverne,boy,Tonda,girl
Jackie,boy,Richelle,girl
Ramiro,boy,Jeanmarie,girl
Harlen,boy,Marissa,girl
Deane,boy,Melony,girl
Dwain,boy,Deneen,girl
Boris,boy,Mia,girl
Dorman,boy,Kecia,girl
Coolidge,boy,Djuna,girl
Refugio,boy,Djuana,girl
Darold,boy,Noelle,girl
Donn,boy,Renata,girl
Faustino,boy,Tessa,girl
Brian,boy,Anjanette,girl
Melvyn,boy,Denine,girl
Esteban,boy,Daneen,girl
Freddy,boy,Holli,girl
Virginia,boy,Kimberli,girl
Marlyn,boy,Linette,girl
Ken,boy,Christal,girl
Dwaine,boy,Alisha,girl
Gearld,boy,Elaina,girl
Valentino,boy,Karri,girl
Lindy,boy,Delinda,girl
Lindbergh,boy,Tyra,girl
Shoji,boy,Tawana,girl
Denny,boy,Marnie,girl
Gonzalo,boy,Dionne,girl
Jorge,boy,Kimberlie,girl
Jerrold,boy,Gabriela,girl
Akira,boy,Casandra,girl
Maria,boy,Marni,girl
Hoover,boy,Tangela,girl
Jerold,boy,Kimberely,girl
Arlen,boy,Shanda,girl
Ronnie,boy,Demetria,girl
Marcelino,boy,Lavonda,girl
Verlyn,boy,Natasha,girl
Ismael,boy,Mechelle,girl
Fidencio,boy,Shonda,girl
Dolores,boy,Yolonda,girl
Adan,boy,Brigid,girl
Davey,boy,Julianna,girl
Derald,boy,Carin,girl
Barbara,boy,Keli,girl
Humberto,boy,Gia,girl
Joan,boy,Latricia,girl
Sherwin,boy,Lizette,girl
Lavon,boy,Cristine,girl
Duwayne,boy,Bethann,girl
Genaro,boy,Tabatha,girl
Kenny,boy,Joelle,girl
Rogelio,boy,Lara,girl
Rolf,boy,Sonji,girl
Arnulfo,boy,Tamatha,girl
Gerry,boy,Tasha,girl
Derl,boy,Tatia,girl
Gerold,boy,Gidget,girl
Arlan,boy,Latonia,girl
Patricia,boy,Brandi,girl
Dino,boy,Nichole,girl
Wally,boy,Alissa,girl
Mervyn,boy,Demetra,girl
Allyn,boy,Joell,girl
Monty,boy,Inger,girl
Dickie,boy,Caprice,girl
Jan,boy,Denita,girl
Arlis,boy,Mellissa,girl
Kaye,boy,Lia,girl
Kenton,boy,Catrina,girl
Sherrill,boy,Milissa,girl
Darl,boy,Sunday,girl
Raymundo,boy,Meghan,girl
Delano,boy,Andria,girl
Terrance,boy,Nichelle,girl
Ronny,boy,Cami,girl
Chuck,boy,Anissa,girl
Orlin,boy,Josette,girl
Gloria,boy,Lissette,girl
Darryl,boy,Adriane,girl
Marc,boy,Windy,girl
Sal,boy,Kami,girl
Stan,boy,Buffy,girl
Cordell,boy,Karie,girl
Darvin,boy,Keisha,girl
Derrell,boy,Wende,girl
Jame,boy,Tawnya,girl
Jacky,boy,Danelle,girl
Lanny,boy,Misti,girl
Ron,boy,Tisha,girl
Marland,boy,Larissa,girl
Arlyn,boy,Darcie,girl
Jerrell,boy,Mayra,girl
Jeffrey,boy,Sebrina,girl
Valentin,boy,Ericka,girl
Kerry,boy,Towanda,girl
Ferrell,boy,Michaela,girl
Gaylon,boy,Cristy,girl
Jerrel,boy,Cherise,girl
Darwyn,boy,Tanja,girl
Dwane,boy,Carie,girl
Randy,boy,Carri,girl
Ian,boy,Tiffani,girl
Delwin,boy,Coretta,girl
Gustavo,boy,Tamiko,girl
Verlon,boy,Tamika,girl
Vernell,boy,Chantel,girl
Delma,boy,Shannan,girl
Windell,boy,Kristal,girl
Kim,boy,Davina,girl
Errol,boy,Kirstin,girl
Reggie,boy,Latrice,girl
Geoffrey,boy,Jolie,girl
Mel,boy,Cristi,girl
Sergio,boy,Cori,girl
Del,boy,Araceli,girl
Donnell,boy,Stephenie,girl
Tyrone,boy,Melissia,girl
Sharon,boy,Chantal,girl
Donny,boy,Corrina,girl
Doug,boy,Gillian,girl
Marilyn,boy,Rolanda,girl
Carolyn,boy,Nicola,girl
Delvin,boy,Kellee,girl
Janet,boy,Shani,girl
Levon,boy,Chanda,girl
Ozell,boy,Cinnamon,girl
Gaylen,boy,Chelsea,girl
Lamont,boy,Ami,girl
Tex,boy,Racquel,girl
Lonny,boy,Nicolle,girl
Autry,boy,Autumn,girl
Rondal,boy,Kisha,girl
Randal,boy,Latasha,girl
Dion,boy,Shonna,girl
Greg,boy,Christin,girl
Sandra,boy,Latisha,girl
Judith,boy,Dione,girl
Scotty,boy,Jada,girl
Ronal,boy,Kyra,girl
Jeffery,boy,Mindi,girl
Randell,boy,Shona,girl
Joey,boy,Mellisa,girl
Nicky,boy,Christen,girl
Leonel,boy,Alexandria,girl
Harlon,boy,Sharonda,girl
Lawrance,boy,Julissa,girl
Linda,boy,Karina,girl
Barrie,boy,Kira,girl
Darnell,boy,Tawanda,girl
Isidro,boy,Marisela,girl
Wilkie,boy,Terra,girl
Rick,boy,Lashonda,girl
Ricky,boy,Tera,girl
Donna,boy,Toya,girl
Janice,boy,Carissa,girl
Javier,boy,Stefani,girl
Wendel,boy,Kesha,girl
Erik,boy,Tisa,girl
Lindell,boy,Maya,girl
Judy,boy,Angella,girl
Jeffry,boy,Tiffanie,girl
Karen,boy,Trista,girl
Brendan,boy,Raina,girl
Darell,boy,Crista,girl
Mcarthur,boy,Kristan,girl
Macarthur,boy,Tawanna,girl
Rickey,boy,Niki,girl
Rod,boy,Serina,girl
Niles,boy,Shawnda,girl
Jeremy,boy,Tosha,girl
Susan,boy,Christel,girl
Walt,boy,Tracee,girl
Lary,boy,Dyan,girl
Jaime,boy,Tanisha,girl
Noe,boy,Chantelle,girl
Rocky,boy,Stephany,girl
Derek,boy,Treena,girl
Les,boy,Yesenia,girl
Terrill,boy,Candida,girl
Russ,boy,Tarsha,girl
Timmy,boy,Tameka,girl
Butch,boy,Ayanna,girl
Sean,boy,Jenni,girl
Linden,boy,Brandie,girl
Roddy,boy,Shantel,girl
Rickie,boy,Ebony,girl
Lenny,boy,Shayla,girl
Rusty,boy,Kia,girl
Dane,boy,Alysia,girl
Geary,boy,Summer,girl
Eusebio,boy,Jenna,girl
Garey,boy,Latoya,girl
Lucky,boy,Cristal,girl
Gerardo,boy,Shanta,girl
Gil,boy,Shalonda,girl
Richie,boy,Angelic,girl
Carnell,boy,Brenna,girl
Chad,boy,Alycia,girl
Hank,boy,Damaris,girl
Dorian,boy,Consuela,girl
Rolando,boy,Lashanda,girl
Kip,boy,Adria,girl
Mikel,boy,Lasonya,girl
Jonathon,boy,Shara,girl
Stevan,boy,Katina,girl
Kris,boy,Catina,girl
Jody,boy,Cher,girl
Lyn,boy,Lakisha,girl
Zachary,boy,Chastity,girl
Brett,boy,Nikole,girl
Patric,boy,Contina,girl
Rory,boy,Chiquita,girl
Rand,boy,Chasity,girl
Robby,boy,Nichol,girl
Cornel,boy,Brandee,girl
Shawn,boy,Camisha,girl
Skip,boy,Lakesha,girl
Randel,boy,Anika,girl
Jed,boy,Cherilyn,girl
Dirk,boy,Alejandra,girl
Brock,boy,Lakeisha,girl
Deryl,boy,Latosha,girl
Stevie,boy,Keena,girl
Derrick,boy,Sasha,girl
Jerel,boy,Nikita,girl
Cesar,boy,Cristin,girl
Baron,boy,Rocio,girl
Kathleen,boy,Tomika,girl
Stefan,boy,Tomeka,girl
Donell,boy,Racheal,girl
Corey,boy,Griselda,girl
Kelvin,boy,Keesha,girl
Ezzard,boy,Liliana,girl
Tod,boy,Stephaine,girl
Shaun,boy,Bree,girl
Brant,boy,Latrina,girl
Scot,boy,Felisha,girl
Efrain,boy,Layla,girl
Stacey,boy,Celena,girl
Brandon,boy,Jenniffer,girl
Marlon,boy,Rebeca,girl
Jory,boy,Sherita,girl
Layne,boy,Kori,girl
Danniel,boy,Alethea,girl
Michial,boy,Carly,girl
Ritchie,boy,Aisha,girl
Edwardo,boy,Cicely,girl
Kimberly,boy,Anitra,girl
Ricki,boy,Bianca,girl
Kurtis,boy,Vonetta,girl
Cory,boy,Latarsha,girl
Deborah,boy,Nyree,girl
Scottie,boy,Alexa,girl
Erasmo,boy,Fatima,girl
Rudolfo,boy,Keshia,girl
Lex,boy,Daniela,girl
Rodrick,boy,Danyelle,girl
Daryle,boy,Mendy,girl
Greggory,boy,Charissa,girl
Darren,boy,Shantell,girl
Mikeal,boy,Marquita,girl
Trent,boy,Briana,girl
Michal,boy,Chanel,girl
Theodis,boy,Danyell,girl
Damian,boy,Sunshine,girl
Kimball,boy,Nia,girl
Michale,boy,Nikia,girl
Wilfredo,boy,Jamila,girl
Shane,boy,Tanika,girl
Robbin,boy,Brande,girl
Kraig,boy,Meagan,girl
Kirt,boy,Jasmin,girl
Chip,boy,Maranda,girl
Randolf,boy,Lakeshia,girl
Bret,boy,Kyla,girl
Antony,boy,Syreeta,girl
Bradly,boy,Luciana,girl
Faron,boy,Tobi,girl
Blaise,boy,Alanna,girl
Alvaro,boy,Mistie,girl
Ricci,boy,Tamica,girl
Dusty,boy,Carisa,girl
Debra,boy,Cherish,girl
Rock,boy,Cecily,girl
Keven,boy,Haley,girl
Gavin,boy,Mandi,girl
Kevan,boy,Daniele,girl
Blane,boy,Tamisha,girl
Demetrius,boy,Tanesha,girl
Rahn,boy,Danyel,girl
Barron,boy,Gabriella,girl
Heriberto,boy,Tiana,girl
Jude,boy,Mandie,girl
Levern,boy,Harmony,girl
Darcy,boy,Shameka,girl
Micky,boy,Spring,girl
Kennard,boy,Destiny,girl
Davy,boy,Nakisha,girl
Tad,boy,Tamekia,girl
Rhett,boy,Ayana,girl
Ty,boy,Rashida,girl
Mitch,boy,Yadira,girl
Jefferey,boy,Alesha,girl
Dann,boy,Kacey,girl
Timmothy,boy,Shawanda,girl
Broderick,boy,Shamika,girl
Derwin,boy,Takisha,girl
Chet,boy,Pepper,girl
Quintin,boy,Kandice,girl
Timmie,boy,Alina,girl
Tab,boy,Meggan,girl
Tracey,boy,Farrah,girl
Jace,boy,Tennille,girl
Kem,boy,Nadia,girl
Brion,boy,Rhiannon,girl
Andrea,boy,Jillian,girl
Cynthia,boy,January,girl
Kennth,boy,Khalilah,girl
Renaldo,boy,Janae,girl
Desi,boy,Jaimee,girl
Renard,boy,Farah,girl
Trevor,boy,Chana,girl
Kenney,boy,Sommer,girl
Brien,boy,Shayna,girl
Cheyenne,boy,Shasta,girl
Derick,boy,Torrie,girl
Robb,boy,Ashlee,girl
Devin,boy,Carina,girl
Kerwin,boy,Chaka,girl
Grayling,boy,Trish,girl
Quinn,boy,Rayna,girl
Wayde,boy,Brianna,girl
Maverick,boy,Eboni,girl
Tobin,boy,Kenisha,girl
Kristopher,boy,Caitlin,girl
Keenan,boy,Latoria,girl
Diane,boy,Torie,girl
Cheryl,boy,Venessa,girl
Reinaldo,boy,Shanika,girl
Jamey,boy,Shandra,girl
Darrin,boy,Kizzy,girl
Flint,boy,Qiana,girl
Darin,boy,Talia,girl
Daren,boy,Hayley,girl
Efrem,boy,Shawnte,girl
Kieth,boy,Shante,girl
Micah,boy,Salena,girl
Andra,boy,Liana,girl
Chaim,boy,Quiana,girl
Raynard,boy,Kamilah,girl
Leif,boy,Shalon,girl
Kennedy,boy,Latesha,girl
Lisa,boy,Iesha,girl
Darrick,boy,Brittney,girl
Darry,boy,Danica,girl
Roel,boy,Jenelle,girl
Darron,boy,Yasmin,girl
Darryle,boy,Lashunda,girl
Stephon,boy,Malia,girl
Darryll,boy,Adrianna,girl
Brenda,boy,Tarah,girl
Devon,boy,Tenisha,girl
Arnoldo,boy,Shawnna,girl
Kory,boy,Chante,girl
Regan,boy,Karissa,girl
Brook,boy,Corie,girl
Shayne,boy,Chrissy,girl
Lorne,boy,Kylie,girl
Parrish,boy,Aja,girl
Drake,boy,Meghann,girl
Norberto,boy,Crissy,girl
Kalvin,boy,Meaghan,girl
Pernell,boy,Shavon,girl
Markus,boy,Brianne,girl
Thor,boy,Krissy,girl
Osvaldo,boy,Shavonne,girl
Anibal,boy,Lacie,girl
Daron,boy,Shanita,girl
Deon,boy,Desirae,girl
Edgardo,boy,Abbey,girl
Geoff,boy,Lyndsey,girl
Tammy,boy,Shaunna,girl
Jayson,boy,Marlana,girl
Rodrigo,boy,Ariane,girl
Tyron,boy,Kylee,girl
Dwyane,boy,Sierra,girl
Stoney,boy,Leia,girl
Tal,boy,Natosha,girl
Jaimie,boy,Ariana,girl
Trenton,boy,Somer,girl
Andreas,boy,Ashleigh,girl
Vinson,boy,Star,girl
Pamela,boy,Alaina,girl
Erin,boy,Casie,girl
Mauricio,boy,Kindra,girl
Rigoberto,boy,Precious,girl
Roderic,boy,Kiana,girl
Destry,boy,Winter,girl
Deron,boy,Viviana,girl
Fitzgerald,boy,Breanne,girl
Quint,boy,Siobhan,girl
Kipp,boy,Maren,girl
Trey,boy,Kylene,girl
Kendrick,boy,Breanna,girl
Deric,boy,Ashanti,girl
Terance,boy,Asia,girl
Antonia,boy,Lyndsay,girl
Shon,boy,Sharee,girl
Daryn,boy,Kacy,girl
Darien,boy,Princess,girl
Darryn,boy,Ayesha,girl
Trace,boy,Rikki,girl
Darian,boy,Lynsey,girl
Dario,boy,Shaneka,girl
Chadwick,boy,Linsey,girl
Brain,boy,Loni,girl
Reginal,boy,Perla,girl
Heath,boy,Kristyn,girl
Jarrod,boy,Anya,girl
Michelle,boy,Mariana,girl
Illya,boy,Renada,girl
Brenton,boy,Kacie,girl
Michele,boy,Britney,girl
Dylan,boy,Reyna,girl
Efren,boy,Chimere,girl
Arron,boy,Kaci,girl
Tyson,boy,Brynn,girl
Cedrick,boy,Laci,girl
Dereck,boy,Tai,girl
Brennan,boy,Ashlie,girl
Jerrod,boy,Jessi,girl
Garrick,boy,Tatiana,girl
Jennifer,boy,Kati,girl
Angela,boy,Krystle,girl
Claudio,boy,Tierra,girl
Derik,boy,Tiara,girl
Octavio,boy,Fallon,girl
Alfie,boy,Evita,girl
Brendon,boy,Kaitlin,girl
Kristian,boy,Martine,girl
Shad,boy,Kassandra,girl
Ariel,boy,Jesica,girl
Liam,boy,Alexia,girl
Tina,boy,Toccara,girl
Beau,boy,Latoyia,girl
Giuseppe,boy,Tashina,girl
Franco,boy,Chaya,girl
Dustin,boy,Joi,girl
Jamal,boy,Daniella,girl
Damien,boy,Katelyn,girl
Waylon,boy,Kandace,girl
Colby,boy,Shanell,girl
Damion,boy,Kourtney,girl
Brenden,boy,Nereida,girl
Korey,boy,Jazmin,girl
Tye,boy,Chelsey,girl
Rico,boy,Kaleena,girl
Darby,boy,Kala,girl
Melissa,boy,Kassie,girl
Anthoney,boy,Jenilee,girl
Jade,boy,Emilee,girl
Lamonte,boy,Cassondra,girl
Shan,boy,Shaina,girl
Johnathon,boy,Shakira,girl
Tory,boy,Ciara,girl
Trever,boy,Hailey,girl
Lazaro,boy,Kali,girl
Jemal,boy,Shena,girl
Jamison,boy,Falon,girl
Aric,boy,Tawny,girl
Ari,boy,Arielle,girl
Donavan,boy,Ashly,girl
Torrey,boy,Chelsie,girl
Torrance,boy,Tenika,girl
Shanon,boy,Sharita,girl
Chandler,boy,Cristen,girl
Ali,boy,Tabetha,girl
Corwin,boy,Krysta,girl
Amy,boy,Carley,girl
Jameson,boy,Arianna,girl
Demetrios,boy,Mallory,girl
Jasen,boy,Kaitlyn,girl
Davin,boy,Ciji,girl
Cale,boy,Ashely,girl
Jermaine,boy,Giselle,girl
Malik,boy,Tess,girl
Jeromy,boy,Maegan,girl
Jammie,boy,Echo,girl
Che,boy,Dwan,girl
Bronson,boy,Britni,girl
Dax,boy,Ashli,girl
Brandt,boy,Paola,girl
Kenyatta,boy,Ashlea,girl
Antione,boy,Caitlyn,girl
Laron,boy,Tyesha,girl
Antwan,boy,Maira,girl
Branden,boy,Brittani,girl
Dedric,boy,Tasia,girl
Jayme,boy,Grisel,girl
Kelsey,boy,Kaylee,girl
Torrence,boy,Shenna,girl
Shea,boy,Teela,girl
Kenyon,boy,Savanna,girl
Kristin,boy,Breann,girl
Shay,boy,Mckenzie,girl
Corbin,boy,Janessa,girl
Cristopher,boy,Kasandra,girl
Jeramy,boy,Markita,girl
Braden,boy,Karly,girl
Kenya,boy,Magen,girl
Dedrick,boy,Dannielle,girl
Tate,boy,Cierra,girl
Germaine,boy,Sade,girl
Nigel,boy,Krystina,girl
Jerod,boy,Micaela,girl
Christoper,boy,Ciera,girl
Chadd,boy,Brittni,girl
Jarod,boy,Kayleigh,girl
Tristan,boy,Britany,girl
Brannon,boy,Alyse,girl
Jeremey,boy,Deandra,girl
Deandre,boy,Brittny,girl
Kiley,boy,Kaley,girl
Donavon,boy,Alysha,girl
Sedrick,boy,Jazmine,girl
Hassan,boy,Shaquita,girl
Jamel,boy,Krysten,girl
Jeramie,boy,Brittanie,girl
Marcelo,boy,Krystin,girl
Coby,boy,Magan,girl
Deshawn,boy,Katelin,girl
Toriano,boy,Violeta,girl
Kwame,boy,Kasie,girl
Kasey,boy,Jessika,girl
Demian,boy,Kelsie,girl
Kristofer,boy,Mariel,girl
Paulo,boy,Shira,girl
Donte,boy,Jaqueline,girl
Jarred,boy,Amberly,girl
Demond,boy,Samatha,girl
Kareem,boy,Eliana,girl
Vidal,boy,Kaleigh,girl
Zachariah,boy,Nakita,girl
Jamar,boy,Phylicia,girl
Abdul,boy,Brittaney,girl
Jermain,boy,Katlyn,girl
Tremayne,boy,Shardae,girl
Jeremie,boy,Jerrica,girl
Marlo,boy,Porsha,girl
Lashawn,boy,Britta,girl
Brandy,boy,Sharde,girl
Josue,boy,Cherrelle,girl
Jabbar,boy,Katelynn,girl
Kristoffer,boy,Mallorie,girl
Diallo,boy,Cherelle,girl
Tito,boy,Malorie,girl
Damond,boy,Sable,girl
Nicole,boy,Kaila,girl
Dameon,boy,Ashlyn,girl
Rahsaan,boy,Shanae,girl
Nathanael,boy,Sharday,girl
Abelardo,boy,Fabiola,girl
Cade,boy,Iliana,girl
Vashon,boy,Kyrie,girl
Taurus,boy,Leandra,girl
Chadrick,boy,Shatara,girl
Tarik,boy,Kortney,girl
Marcello,boy,Janay,girl
Dominique,boy,Ayla,girl
Donta,boy,Cayla,girl
Moshe,boy,Yessenia,girl
Zachery,boy,Skye,girl
Jevon,boy,Kelsi,girl
Stephanie,boy,Jerica,girl
Nakia,boy,Tiera,girl
Telly,boy,Jesenia,girl
Ahmad,boy,Kaela,girl
Jamil,boy,Karli,girl
Toma,boy,Porsche,girl
Trinity,boy,Kalyn,girl
Jereme,boy,Chanelle,girl
Dejuan,boy,Alessandra,girl
Jabari,boy,Lakendra,girl
Ahmed,boy,Lauryn,girl
Heather,boy,Kaycee,girl
Demarcus,boy,Kailey,girl
Antwon,boy,Denisse,girl
Jered,boy,Jessenia,girl
Rashad,boy,Anjelica,girl
Kristen,boy,Sarai,girl
Mauro,boy,Tianna,girl
Benji,boy,Kaylin,girl
Tavares,boy,Kaylyn,girl
Marques,boy,Denisha,girl
Rasheed,boy,Stephani,girl
Jerad,boy,Kaylie,girl
Corry,boy,Danae,girl
Cristobal,boy,Shanice,girl
Deangelo,boy,Jaleesa,girl
Karim,boy,Jalisa,girl
Sharif,boy,Whitley,girl
Demarco,boy,Deja,girl
Kareen,boy,Taja,girl
Rebecca,boy,Chelsi,girl
Raheem,boy,Genesis,girl
Jamaal,boy,Katlin,girl
Jovan,boy,Kimber,girl
Seneca,boy,Brittnee,girl
Jermey,boy,Kierra,girl
Torey,boy,Alexandrea,girl
Hakim,boy,Anais,girl
Cortney,boy,Allyssa,girl
Jamin,boy,Kiersten,girl
Javon,boy,Breana,girl
Zackary,boy,Diandra,girl
Ezequiel,boy,Sarina,girl
Jerimy,boy,Lizbeth,girl
Muhammad,boy,Kiera,girl
Jameel,boy,Katarina,girl
Brody,boy,Jalissa,girl
Jaron,boy,Hali,girl
Dimitrios,boy,Carli,girl
Taj,boy,Tiarra,girl
Tanner,boy,Grecia,girl
Torry,boy,Moriah,girl
Amir,boy,Kaitlynn,girl
Levar,boy,Brittnie,girl
Lavar,boy,Flor,girl
Kunta,boy,Elizabet,girl
Jedediah,boy,Alexandr,girl
Jerimiah,boy,Britny,girl
Kinte,boy,Katherin,girl
Rashawn,boy,Mikayla,girl
Jeramiah,boy,Audrianna,girl
Jessica,boy,Kirstie,girl
Jedidiah,boy,Asha,girl
Amin,boy,Kallie,girl
Rian,boy,Kelsea,girl
Conor,boy,Bryanna,girl
Lydell,boy,Audriana,girl
Davon,boy,Danika,girl
Kaleb,boy,Gianna,girl
Samir,boy,Makayla,girl
Zackery,boy,Martika,girl
Khalid,boy,Mikaela,girl
Bo,boy,Destinee,girl
Cristian,boy,Brittnay,girl
Demetric,boy,Yajaira,girl
Horacio,boy,Yasmine,girl
Anwar,boy,Shaniqua,girl
Nicholaus,boy,Shanelle,girl
Kenji,boy,Lizeth,girl
Nikolas,boy,Joana,girl
Demario,boy,Ryann,girl
Johnpaul,boy,Isamar,girl
Nicklaus,boy,Latifah,girl
Jarret,boy,Kanisha,girl
Kody,boy,Rubi,girl
Antwain,boy,Mariela,girl
Dequan,boy,Symone,girl
Lukas,boy,Ivana,girl
Christina,boy,Heaven,girl
Deshaun,boy,Lucero,girl
Juston,boy,Shelbi,girl
Hasan,boy,Alysa,girl
Jeb,boy,Dulce,girl
Amanda,boy,Brooklyn,girl
Andrae,boy,Nataly,girl
Kendell,boy,Imani,girl
Tucker,boy,Kalie,girl
Keon,boy,Alannah,girl
Garett,boy,Fiona,girl
Amit,boy,Kanesha,girl
Omari,boy,Laken,girl
Tyrell,boy,Haleigh,girl
Mohammad,boy,Eryn,girl
Bryson,boy,Elyssa,girl
Tyrel,boy,Shelbie,girl
Tremaine,boy,Demi,girl
Jarrad,boy,Ieshia,girl
Rustin,boy,Makenzie,girl
Kai,boy,Shanequa,girl
Justen,boy,Karlee,girl
Keegan,boy,Haylee,girl
Chaz,boy,Cheyanne,girl
Yoel,boy,Estefania,girl
Jarad,boy,Halie,girl
Jessy,boy,Chynna,girl
Bjorn,boy,Karlie,girl
Brandan,boy,Stormy,girl
Dustan,boy,Delaney,girl
Isaias,boy,Carlee,girl
Kellen,boy,Kailee,girl
Skyler,boy,Alayna,girl
Marchello,boy,Mckenna,girl
Mohammed,boy,Shaquana,girl
Johathan,boy,Tiesha,girl
Adalberto,boy,Brielle,girl
Connor,boy,Marcela,girl
Dontae,boy,Myranda,girl
Taurean,boy,Miriah,girl
Skylar,boy,Alexus,girl
Mohamed,boy,Kelcie,girl
Colt,boy,Emerald,girl
Kiel,boy,Giovanna,girl
Colton,boy,Bryana,girl
Eliezer,boy,China,girl
Darrius,boy,Essence,girl
Tuan,boy,Bria,girl
Hung,boy,Aracely,girl
Long,boy,Aubree,girl
Lamarcus,boy,Chelsy,girl
Justine,boy,Miesha,girl
Huy,boy,Cinthia,girl
Akeem,boy,Brianda,girl
Cassidy,boy,Hailee,girl
Devan,boy,Karley,girl
Martell,boy,Ashlynn,girl
Remington,boy,Macey,girl
Jacoby,boy,Tatyana,girl
Jakob,boy,Shawnee,girl
Trumaine,boy,Brea,girl
Marquise,boy,Joselyn,girl
Deven,boy,Ivonne,girl
Crystal,boy,Katerina,girl
Ryne,boy,Marlee,girl
Coty,boy,Breonna,girl
Grayson,boy,Shaniece,girl
Jerrad,boy,Kaylynn,girl
Jarrell,boy,Kinsey,girl
Baby,boy,Kenia,girl
Brandin,boy,Destini,girl
Alonso,boy,Kayley,girl
Danielle,boy,Lexus,girl
Tavon,boy,Selene,girl
Travon,boy,Yaritza,girl
Deonte,boy,Khadijah,girl
Rachel,boy,Kadijah,girl
Kameron,boy,Halle,girl
Tavaris,boy,Brionna,girl
Tylor,boy,Destiney,girl
Jairo,boy,Jazmyn,girl
Durell,boy,Yazmin,girl
Durrell,boy,Itzel,girl
Channing,boy,Kassidy,girl
Jaymes,boy,Coraima,girl
Dakota,boy,Shannen,girl
Keaton,boy,Kailyn,girl
Ulises,boy,Kalene,girl
Brandyn,boy,Katlynn,girl
Mackenzie,boy,Lexi,girl
Maximilian,boy,Deyanira,girl
Uriel,boy,Yasmeen,girl
Terell,boy,Shyanne,girl
Kale,boy,Viridiana,girl
Dandre,boy,Kaylene,girl
Kolby,boy,Crysta,girl
Joshuah,boy,Reina,girl
Martez,boy,Alondra,girl
Rayshawn,boy,Kayli,girl
Dangelo,boy,Nayeli,girl
Derrek,boy,Jasmyn,girl
Cordero,boy,Aspen,girl
Jayce,boy,Jasmyne,girl
Yaakov,boy,Paloma,girl
Kyler,boy,Eleni,girl
Alexandro,boy,Hana,girl
Zechariah,boy,Aaliyah,girl
Giancarlo,boy,Aliyah,girl
Garrison,boy,Dalia,girl
Spenser,boy,Zhane,girl
Austen,boy,Mckayla,girl
Payton,boy,Clarisa,girl
Kalen,boy,Mikala,girl
Kane,boy,Dayana,girl
Mychal,boy,Maddison,girl
Conner,boy,Kianna,girl
Cordaro,boy,Kenzie,girl
Dashawn,boy,Bailee,girl
Holden,boy,Sydnee,girl
Octavius,boy,Haylie,girl
Rashaad,boy,Nohely,girl
Montrell,boy,Makenna,girl
Jaren,boy,Vanesa,girl
Joseluis,boy,Cydney,girl
Trevin,boy,Aleah,girl
Brennen,boy,Shyann,girl
Kegan,boy,Valentina,girl
Camron,boy,Caitlynn,girl
Colten,boy,Tatum,girl
Codey,boy,Adilene,girl
Arsenio,boy,Isis,girl
Jaquan,boy,Tatianna,girl
Geraldo,boy,Baylee,girl
Kelby,boy,Shania,girl
Jamarcus,boy,Jocelyne,girl
Marquez,boy,Daisha,girl
Dominque,boy,Kaelyn,girl
Brittany,boy,Jayla,girl
Ridge,boy,Dasia,girl
Mikhail,boy,Emely,girl
Brantley,boy,Sydni,girl
Nico,boy,Abbigail,girl
Kade,boy,Miracle,girl
Alexandre,boy,Zoey,girl
Christop,boy,Unique,girl
Infant,boy,Iridian,girl
Alexande,boy,Brooklynn,girl
Hakeem,boy,Alia,girl
Kadeem,boy,Keanna,girl
Gage,boy,Alivia,girl
Khiry,boy,Daija,girl
Jasmine,boy,Sydnie,girl
Daquan,boy,Fernanda,girl
Niko,boy,Daja,girl
Rakeem,boy,Lesly,girl
Nikko,boy,Annika,girl
Dionte,boy,Kyleigh,girl
Samantha,boy,Sienna,girl
Darion,boy,Ciarra,girl
Kendal,boy,Maci,girl
Kiara,boy,Destany,girl
Tiffany,boy,Tamia,girl
Khalil,boy,Moesha,girl
Najee,boy,Odalys,girl
Ladarius,boy,Yamilex,girl
Stetson,boy,Zaria,girl
Yosef,boy,Mireya,girl
Trevon,boy,Alize,girl
Dimitri,boy,Xena,girl
Tevin,boy,Dania,girl
Denzel,boy,Katia,girl
Male,boy,Maia,girl
Laquan,boy,Amani,girl
Kiefer,boy,Shianne,girl
Jorden,boy,Madisen,girl
Ibrahim,boy,Odalis,girl
Mykel,boy,Kaylah,girl
Kevon,boy,Sarahi,girl
Zakary,boy,Jailene,girl
Aidan,boy,Jazlyn,girl
Talon,boy,Alyssia,girl
Codie,boy,Chyna,girl
Hernan,boy,Estefany,girl
Camden,boy,Ansley,girl
Deontae,boy,Madyson,girl
Keenen,boy,Jaycie,girl
Misael,boy,Jacey,girl
Devonte,boy,Lexis,girl
Sage,boy,Daijah,girl
Dillan,boy,Joslyn,girl
Gunnar,boy,Dejah,girl
Shaquille,boy,Yulissa,girl
Dillion,boy,Anahi,girl
Dylon,boy,Aylin,girl
Storm,boy,Julisa,girl
Domonique,boy,Salma,girl
Codi,boy,Madisyn,girl
Jaleel,boy,Erykah,girl
Davion,boy,Gisselle,girl
Brayden,boy,Raegan,girl
Denzell,boy,Tea,girl
Devante,boy,Estrella,girl
Dijon,boy,Jayda,girl
Keifer,boy,Rylie,girl
Tariq,boy,Makala,girl
Babyboy,boy,Taya,girl
Sawyer,boy,Kaylan,girl
Desean,boy,Camila,girl
Deonta,boy,Annalise,girl
Kolton,boy,Jazmyne,girl
Justyn,boy,Keeley,girl
Unnamed,boy,Shaylee,girl
Dejon,boy,Savana,girl
Bilal,boy,Madelynn,girl
Deante,boy,Micayla,girl
Jalen,boy,Maeve,girl
Tre,boy,Nautica,girl
Davonte,boy,Cali,girl
Devonta,boy,Serenity,girl
Javonte,boy,Yulisa,girl
Devontae,boy,Baylie,girl
Deion,boy,Samara,girl
Demetri,boy,Mya,girl
Davante,boy,Ally,girl
Dyllan,boy,Myah,girl
Trae,boy,Reanna,girl
Dondre,boy,Madilyn,girl
Tayler,boy,Felicity,girl
Caden,boy,Ireland,girl
Dakotah,boy,Skyla,girl
Montel,boy,Willow,girl
Davonta,boy,Jaida,girl
Dalvin,boy,Abigayle,girl
Tyshawn,boy,Jaelyn,girl
Maximillian,boy,Rhianna,girl
Juwan,boy,Amira,girl
Tyquan,boy,Shae,girl
Kieran,boy,Zoie,girl
Colter,boy,Caleigh,girl
Jaylen,boy,Abril,girl
Devyn,boy,Deasia,girl
Savon,boy,Kaylen,girl
Deondre,boy,Tayla,girl
Darrian,boy,Alexys,girl
Dallin,boy,Jaycee,girl
Jordy,boy,Jayde,girl
Mikal,boy,Kennedi,girl
Adonis,boy,Amaya,girl
Kelton,boy,Piper,girl
Shaquan,boy,Aniya,girl
Devaughn,boy,Noelia,girl
Darrien,boy,Kiarra,girl
Austyn,boy,Shaniya,girl
Kaden,boy,Keara,girl
Darrion,boy,Emmalee,girl
Fredy,boy,Aiyana,girl
Montana,boy,Miya,girl
Kole,boy,Jalyn,girl
Syed,boy,Nyasia,girl
Demonte,boy,Aniyah,girl
Dakoda,boy,Jaylene,girl
Jaden,boy,Kyara,girl
Keanu,boy,Citlalli,girl
Jaylon,boy,Abigale,girl
Daulton,boy,Isabela,girl
Shyheim,boy,Tatyanna,girl
Markell,boy,Journey,girl
Menachem,boy,Ryleigh,girl
Markel,boy,Aliya,girl
Jayden,boy,Sky,girl
Khari,boy,Shyla,girl
Trayvon,boy,Bryn,girl
Gunner,boy,Abagail,girl
Auston,boy,Izabella,girl
Cain,boy,Nya,girl
Jaylin,boy,Saige,girl
River,boy,Jakayla,girl
Alek,boy,Litzy,girl
Destin,boy,Brisa,girl
Tyrin,boy,Amya,girl
Ryder,boy,Jackeline,girl
Armani,boy,Kaya,girl
Kahlil,boy,Jaquelin,girl
Bryton,boy,Hailie,girl
Jonatan,boy,Nyah,girl
Tristen,boy,Amara,girl
Triston,boy,Dariana,girl
Raekwon,boy,Yamilet,girl
Tristin,boy,Monserrat,girl
Anfernee,boy,Cielo,girl
Draven,boy,Aryanna,girl
Romello,boy,Anaya,girl
Stone,boy,Arely,girl
Tristian,boy,Kaia,girl
Easton,boy,Maryam,girl
Treyvon,boy,Anjali,girl
Aiden,boy,Lilliana,girl
Rashaan,boy,Amiya,girl
Rohan,boy,Belen,girl
Killian,boy,Aliza,girl
Phoenix,boy,Keira,girl
Greyson,boy,Janiya,girl
Latrell,boy,Ashtyn,girl
Brennon,boy,Neha,girl
Seamus,boy,Laisha,girl
Isai,boy,Amina,girl
Branson,boy,Jailyn,girl
Damarcus,boy,Kenna,girl
Mateo,boy,Iyana,girl
Keshawn,boy,Maiya,girl
Keyshawn,boy,Marlen,girl
Trystan,boy,Nevaeh,girl
Braeden,boy,Ainsley,girl
Brayan,boy,Yuliana,girl
Shamar,boy,Beyonce,girl
Keion,boy,Nayely,girl
Raquan,boy,Johana,girl
Jair,boy,Nallely,girl
Braydon,boy,Kaiya,girl
Shemar,boy,Meadow,girl
Reilly,boy,Makaila,girl
Reagan,boy,Kya,girl
Jaylan,boy,Ximena,girl
Nasir,boy,Jimena,girl
Abdullah,boy,Melany,girl
Dominik,boy,Jamya,girl
Keagan,boy,Taina,girl
Kordell,boy,Aubrie,girl
Kobe,boy,Frida,girl
Gianni,boy,Kaliyah,girl
Jaret,boy,Mikaila,girl
Koby,boy,Taliyah,girl
Nash,boy,Taniya,girl
Rylan,boy,Citlali,girl
Jaxon,boy,Annabella,girl
Giovanny,boy,Dafne,girl
Ronaldo,boy,Hayleigh,girl
Coleton,boy,Yoselin,girl
Amari,boy,Areli,girl
Jarett,boy,Madalynn,girl
Keyon,boy,Priscila,girl
Paxton,boy,Miah,girl
Landen,boy,Keila,girl
Raven,boy,Natalya,girl
Jamari,boy,Jaylynn,girl
Jovani,boy,Rianna,girl
Jovanny,boy,Sheyla,girl
Keandre,boy,Aryana,girl
Kenan,boy,Elle,girl
Jajuan,boy,Lisbeth,girl
Ryley,boy,Evelin,girl
Nikhil,boy,Makena,girl
Tyrese,boy,Jaliyah,girl
Tyrek,boy,Keyla,girl
Zion,boy,Giana,girl
Declan,boy,Maleah,girl
Savion,boy,Shreya,girl
Kamron,boy,Maliyah,girl
Jadon,boy,Samira,girl
Tyrique,boy,Jalynn,girl
Tahj,boy,Galilea,girl
Tyriq,boy,Riya,girl
Tyreek,boy,Cadence,girl
Izaiah,boy,Iyanna,girl
Tavian,boy,Kiya,girl
Jacquez,boy,Jaylyn,girl
Alessandro,boy,Estefani,girl
Kyree,boy,Yareli,girl
Tyrik,boy,Dayanara,girl
Jordi,boy,Janiyah,girl
Jalon,boy,Taniyah,girl
Mekhi,boy,Sanaa,girl
Jelani,boy,Yahaira,girl
Matteo,boy,Kadence,girl
Johan,boy,Amiyah,girl
Hamza,boy,Tamya,girl
Brycen,boy,Sherlyn,girl
Jovany,boy,Natalee,girl
Miguelangel,boy,Lainey,girl
Jensen,boy,Angeles,girl
Rahul,boy,Karyme,girl
Christion,boy,Arly,girl
Judah,boy,Saniya,girl
Konnor,boy,Sariah,girl
Kylan,boy,Kaydence,girl
Jaiden,boy,Alani,girl
Tyreke,boy,Amaris,girl
Cayden,boy,Charlize,girl
Jett,boy,Kimora,girl
Zaire,boy,Xiomara,girl
Jaydon,boy,Marin,girl
Korbin,boy,Diya,girl
Tyreese,boy,Treasure,girl
Braedon,boy,Aleena,girl
Jaxson,boy,Saniyah,girl
Xander,boy,Addyson,girl
Camren,boy,Karis,girl
Semaj,boy,Gracelyn,girl
Ean,boy,Jaylee,girl
Gaven,boy,Nathaly,girl
Karson,boy,Livia,girl
Trevion,boy,Jayleen,girl
Ayden,boy,Janiah,girl
Rey,boy,Gwyneth,girl
Tavion,boy,Zariah,girl
Braiden,boy,Averie,girl
Kadin,boy,Heidy,girl
Arman,boy,Mikalah,girl
Aditya,boy,Arleth,girl
Rowan,boy,Karma,girl
Bridger,boy,Siena,girl
Kayden,boy,Jaelynn,girl
Elian,boy,Anabelle,girl
Luca,boy,Naima,girl
Finn,boy,Anneliese,girl
Kaiden,boy,Zara,girl
Sincere,boy,Elliana,girl
Maximus,boy,Kinsley,girl
Xzavier,boy,Selah,girl
Blaze,boy,Jolette,girl
Gaige,boy,Brylee,girl
London,boy,Myla,girl
Keshaun,boy,Yuridia,girl
Sabastian,boy,Montserrat,girl
Kavon,boy,Valery,girl
Kian,boy,Lilianna,girl
Brodie,boy,Leyla,girl
Jaeden,boy,Rihanna,girl
Javion,boy,Addisyn,girl
Jamir,boy,Akeelah,girl
Maxim,boy,Adison,girl
Alexzander,boy,Lilyana,girl
Kamren,boy,Nathalia,girl
Zander,boy,Paisley,girl
Dayne,boy,Yaretzi,girl
Isaak,boy,Scarlet,girl
Jaheim,boy,Braelyn,girl
Jagger,boy,Kamila,girl
Oswaldo,boy,Cailyn,girl
Ronan,boy,Bethzy,girl
Haden,boy,Adyson,girl
Jadyn,boy,Joselin,girl
Immanuel,boy,Mariyah,girl
Alijah,boy,Kinley,girl
Jakobe,boy,Jaylah,girl
Imanol,boy,Charlee,girl
Jordyn,boy,Adamaris,girl
Zain,boy,Malaya,girl
Yusuf,boy,Khloe,girl
Gavyn,boy,Amirah,girl
Pranav,boy,Briley,girl
Yehuda,boy,Jorja,girl
Daunte,boy,Rayne,girl
Caiden,boy,Sanai,girl
Arjun,boy,Dahlia,girl
Jahiem,boy,Lorelai,girl
Zavier,boy,Neveah,girl
Mustafa,boy,Izabelle,girl
Rylee,boy,Miley,girl
Giovani,boy,Mylee,girl
Jovanni,boy,Jordin,girl
Omarion,boy,Jaslene,girl
Yahir,boy,Audrina,girl
Amarion,boy,Azul,girl
Gael,boy,Marely,girl
Cael,boy,Shiloh,girl
Treyton,boy,Madilynn,girl
Aryan,boy,Jaeda,girl
Jaheem,boy,Jazlynn,girl
Malakai,boy,Londyn,girl
Javen,boy,Giada,girl
Lisandro,boy,Adelyn,girl
Santino,boy,Jocelynn,girl
Adriel,boy,Mylie,girl
Ethen,boy,Adalyn,girl
Luc,boy,Aliana,girl
Maximo,boy,Giuliana,girl
Cason,boy,Azaria,girl
Gannon,boy,Zaniyah,girl
Jaquez,boy,Alyvia,girl
Bradyn,boy,Joseline,girl
Jase,boy,Kelis,girl
Zayne,boy,Lillianna,girl
Osbaldo,boy,Kylah,girl
Maddox,boy,Hadassah,girl
Jamarion,boy,Allisson,girl
Yair,boy,Caylee,girl
Aydan,boy,Mareli,girl
Konner,boy,Dayami,girl
Damarion,boy,Alisson,girl
Jahir,boy,Nylah,girl
Enzo,boy,Jazlene,girl
Cannon,boy,Adalynn,girl
Kamari,boy,Jaslyn,girl
Kaeden,boy,Gemma,girl
Ryker,boy,Lailah,girl
Soren,boy,Brynlee,girl
Mordechai,boy,Raelynn,girl
Cristofer,boy,Marlie,girl
Ryland,boy,Anabella,girl
Zaid,boy,Ariella,girl
Arnav,boy,Kamora,girl
Canyon,boy,Paityn,girl
Kanye,boy,Payten,girl
Kyan,boy,Amiah,girl
Cohen,boy,Averi,girl
Braylon,boy,Avah,girl
Davian,boy,Karsyn,girl
Jaidyn,boy,Jamiya,girl
Demarion,boy,Laylah,girl
Landyn,boy,Carleigh,girl
Luka,boy,Kenley,girl
Braulio,boy,Sloane,girl
Andon,boy,Elianna,girl
Aydin,boy,,
Matias,boy,,
Jaydin,boy,,
Deacon,boy,,
Teagan,boy,,
Kamden,boy,,
Malaki,boy,,
Koda,boy,,
Rhys,boy,,
Haiden,boy,,
Tayshaun,boy,,
Jayvon,boy,,
Trenten,boy,,
Rishi,boy,,
Kason,boy,,
Talan,boy,,
Amare,boy,,
Makai,boy,,
Braylen,boy,,
Kadyn,boy,,
Leandro,boy,,
Aedan,boy,,
Finnegan,boy,,
Karter,boy,,
Damari,boy,,
Messiah,boy,,
Makhi,boy,,
Camryn,boy,,
Gauge,boy,,
Jax,boy,,
Adin,boy,,
Krish,boy,,
Yandel,boy,,
Beckett,boy,,
Kael,boy,,
Bode,boy,,
Koen,boy,,
Zayden,boy,,
Santana,boy,,
Landin,boy,,
Talen,boy,,
Kasen,boy,,
Aidyn,boy,,
Jasiah,boy,,
Memphis,boy,,
Kingston,boy,,
Landan,boy,,
Case,boy,,
Coen,boy,,
Izayah,boy,,
Anders,boy,,
Brogan,boy,,
Madden,boy,,
Slade,boy,,
Kellan,boy,,
Jaydan,boy,,
Nery,boy,,
Rayan,boy,,
Dereon,boy,,
Yael,boy,,
Raiden,boy,,
Nikolai,boy,,
Yurem,boy,,
Lyric,boy,,
Kelan,boy,,
Tegan,boy,,
Kamryn,boy,,
Jayvion,boy,,
Ronin,boy,,
Daxton,boy,,
Aaden,boy,,
Chace,boy,,
Marley,boy,,
Kash,boy,,
Kymani,boy,,
Ishaan,boy,,
Jadiel,boy,,
Urijah,boy,,
Eden,boy,,
Zaiden,boy,,
Ayaan,boy,,
Aarav,boy,,
Tripp,boy,,
Geovanni,boy,,
Yadiel,boy,,
Kyson,boy,,
Callum,boy,,
Deegan,boy,,
Lennon,boy,,
Abdiel,boy,,
Carsen,boy,,
Kolten,boy,,
